Frame,root_translateX,root_translateY,root_translateZ,root_rotateX,root_rotateY,root_rotateZ,left_hip_pitch_joint_dof,left_hip_roll_joint_dof,left_hip_yaw_joint_dof,left_knee_joint_dof,left_ankle_pitch_joint_dof,left_ankle_roll_joint_dof,right_hip_pitch_joint_dof,right_hip_roll_joint_dof,right_hip_yaw_joint_dof,right_knee_joint_dof,right_ankle_pitch_joint_dof,right_ankle_roll_joint_dof,waist_yaw_joint_dof,waist_roll_joint_dof,waist_pitch_joint_dof,left_shoulder_pitch_joint_dof,left_shoulder_roll_joint_dof,left_shoulder_yaw_joint_dof,left_elbow_joint_dof,left_wrist_roll_joint_dof,left_wrist_pitch_joint_dof,left_wrist_yaw_joint_dof,right_shoulder_pitch_joint_dof,right_shoulder_roll_joint_dof,right_shoulder_yaw_joint_dof,right_elbow_joint_dof,right_wrist_roll_joint_dof,right_wrist_pitch_joint_dof,right_wrist_yaw_joint_dof
0,0.11081299930810928,1.5724496841430664,76.61732482910156,0.8918875558510208,6.6356690721494385,-97.29220537955493,-35.431652,6.130946,5.295671,78.532974,-7.7270823,2.2448313,-2.930471,-0.41567343,-5.8274975,30.595144,-22.191069,-1.6058592,6.83483,-0.6931145,10.341291,43.71468,34.653103,-15.314501,-29.783913,25.064356,0.6899698,2.3839865,-31.910286,-19.18331,43.663525,-10.687395,-4.455524,-11.362314,-19.3797
1,0.05154111981391907,0.09134931862354279,77.07955932617188,1.3634751537978762,7.043718430338489,-97.28941063126709,-35.903206,5.257641,5.710972,74.1607,-7.020234,1.5475302,-1.6180989,-1.0399364,-5.6246214,28.894608,-19.638472,-1.1960928,7.4180274,-1.2559834,9.834016,44.791267,34.819668,-14.969692,-29.945507,24.160696,0.55127907,3.024749,-32.581646,-19.241621,44.21528,-12.6444235,-4.5334425,-11.565258,-19.186754
2,-0.004251980222761631,-1.4099946022033691,77.5445556640625,1.8392690444470916,7.456718996228063,-97.29021675101149,-36.378216,4.42228,6.130923,69.79725,-6.4039145,0.9158247,-0.31503522,-1.6620662,-5.3813105,27.224588,-17.16665,-0.79905695,8.015819,-1.8568004,9.342293,45.984215,35.052097,-14.553012,-30.2044,23.205023,0.3967759,3.701251,-33.26362,-19.296995,44.74819,-14.682447,-4.6136246,-11.764428,-19.014538
3,-0.05838821083307266,-2.9221854209899902,78.00970458984375,2.260247004223919,7.844946198621834,-97.27265931875311,-36.708134,3.612387,6.4420767,65.24336,-5.6138673,0.19068405,0.9366561,-2.2339036,-5.174707,25.67724,-14.636854,-0.38133082,8.59503,-2.4237454,8.867137,47.15637,35.319706,-14.135539,-30.492374,22.286888,0.24755187,4.3199663,-33.83882,-19.353016,45.271847,-16.66387,-4.6952295,-11.977208,-18.818144
4,-0.09548521786928177,-4.457968235015869,78.46540069580078,2.568497293606548,8.17889754419268,-97.21655514275423,-36.73932,2.816277,6.5187364,60.290287,-4.3881545,-0.7828198,2.09964,-2.7039652,-5.0740547,24.336517,-11.899416,0.09481325,9.104913,-2.8920324,8.4089985,48.220078,35.589397,-13.7524,-30.78357,21.496506,0.12526187,4.7824383,-34.230724,-19.41932,45.80135,-18.44198,-4.7402544,-12.221126,-18.553186
5,-0.1312684416770935,-6.007055759429932,78.90052795410156,2.765547095832205,8.460708151660599,-97.10185027553399,-36.397984,1.9741079,6.28476,54.69904,-2.5138252,-2.1175747,3.1635199,-3.0552607,-5.0534053,23.181879,-8.765227,0.6153048,9.530277,-3.249973,7.9587083,49.135788,35.835438,-13.42461,-31.042078,20.850328,0.03137948,5.050429,-34.404373,-19.503819,46.34633,-19.988974,-4.765377,-12.526712,-18.170683
6,-0.17207223176956177,-7.566939353942871,79.31016540527344,2.862927444582707,8.698102767364116,-96.9499430743299,-35.74808,1.1403427,5.767936,48.592533,-0.17139515,-3.6982744,4.167521,-3.2950656,-5.068572,22.153728,-5.3493495,1.1884574,9.89511,-3.5025575,7.51648,49.933464,36.04792,-13.143635,-31.265497,20.317724,-0.040565427,5.1754785,-34.412754,-19.609198,46.910095,-21.377323,-4.7807174,-12.874635,-17.70586
7,-0.22002004086971283,-9.133260726928711,79.68273162841797,2.8357611569464383,8.871270373041881,-96.80147137092506,-34.840023,0.45046332,5.0240235,42.30098,2.3231087,-5.3487844,5.1526103,-3.418053,-5.1618714,21.27286,-1.9506706,1.8785596,10.206768,-3.629375,7.1004353,50.62248,36.226646,-12.895299,-31.476181,19.90597,-0.07912263,5.1935177,-34.303665,-19.735485,47.496696,-22.613003,-4.749124,-13.207845,-17.240023
8,-0.2664121687412262,-10.719742774963379,80.01548767089844,2.655581074277524,8.961803234831173,-96.6962875246606,-33.745274,0.023024322,4.1482587,36.17101,4.658377,-6.9031005,6.1766233,-3.4078326,-5.387942,20.515583,1.1531229,2.725772,10.48205,-3.608368,6.7304063,51.223118,36.37777,-12.667624,-31.71047,19.628658,-0.07350692,5.1415195,-34.094017,-19.875677,48.110928,-23.717695,-4.6663904,-13.468846,-16.856943
9,-0.3211231529712677,-12.314735412597656,80.3011474609375,2.2586397177022395,8.936065101644399,-96.65431597329233,-32.396267,-0.11274488,3.0683558,30.059572,6.8879266,-8.424116,7.354486,-3.198123,-5.8059382,19.705036,4.0621867,3.8531623,10.740492,-3.3789816,6.4195523,51.765285,36.50436,-12.446694,-31.997406,19.534117,-0.0046010916,4.9922056,-33.77004,-20.021704,48.778645,-24.694653,-4.522141,-13.64298,-16.596416
10,-0.3692638874053955,-13.906490325927734,80.52836608886719,1.6484533468286313,8.800131780166193,-96.67325436657227,-30.747454,0.031279724,1.7860428,23.775475,9.17767,-9.981715,8.670879,-2.7658215,-6.342848,18.821112,6.9303846,5.1772623,10.991704,-2.9391277,6.160529,52.246716,36.60492,-12.239261,-32.32817,19.60054,0.11698877,4.7382345,-33.332497,-20.169662,49.4921,-25.52425,-4.3306527,-13.759782,-16.406065
11,-0.42860671877861023,-15.489299774169922,80.68785858154297,0.902794277042425,8.598434259648567,-96.76055820703348,-28.959888,0.45846075,0.56081504,17.681103,11.363078,-11.442194,9.960678,-2.1853883,-6.884929,18.12979,9.542338,6.4080954,11.235607,-2.362575,5.93866,52.63677,36.682148,-12.064872,-32.672337,19.732433,0.25749958,4.4476914,-32.839024,-20.320946,50.206158,-26.18319,-4.10794,-13.827566,-16.230534
12,-0.4951002597808838,-17.065507888793945,80.78610229492188,0.1290368450675808,8.389102886649283,-96.90491779503262,-27.236893,1.0874591,-0.33117047,12.203094,13.260569,-12.681345,11.015922,-1.5880376,-7.3651223,17.967886,11.634479,7.2589145,11.461369,-1.7532405,5.73737,52.871517,36.747543,-11.949312,-32.977375,19.825834,0.3837501,4.1880355,-32.301483,-20.473923,50.881855,-26.675043,-3.9129977,-13.855476,-16.018549
13,-0.5625919699668884,-18.632402420043945,80.82821655273438,-0.623896534416165,8.234356532858435,-97.10598421499381,-25.583126,1.8644947,-0.73990506,7.2003293,14.9055195,-13.645343,11.680995,-1.0749059,-7.8345776,18.57369,13.042247,7.645442,11.65753,-1.1731539,5.5061197,52.95348,36.802616,-11.8951,-33.263416,19.87578,0.51227665,3.9453287,-31.752268,-20.630728,51.524166,-26.976982,-3.7154202,-13.854291,-15.767214
14,-0.6151639819145203,-20.176177978515625,80.83373260498047,-1.3508854778674182,8.11468809915676,-97.32593199283205,-25.530224,2.6372664,-0.85774994,5.8620644,14.631413,-14.429052,12.015327,-0.67954695,-8.3834715,19.86317,13.858807,7.7066693,11.79575,-0.6229584,5.2552643,52.87951,36.84625,-11.897511,-33.518433,19.924746,0.6521754,3.6951232,-31.175772,-20.772087,52.14988,-27.08178,-3.5105543,-13.817673,-15.500177
15,-0.6661235094070435,-21.680757522583008,80.801025390625,-1.9620608081327904,7.985833539191418,-97.47153046346548,-25.853977,3.213239,-0.78383875,5.734133,13.863063,-15.000033,12.096101,-0.48917145,-9.031341,21.744051,14.163884,7.5116906,11.81747,-0.17153238,5.0528893,52.623665,36.89485,-11.966344,-33.689438,19.954874,0.7614266,3.4949415,-30.52406,-20.919495,52.712593,-27.040442,-3.3475587,-13.7291,-15.213365
16,-0.6995506286621094,-23.17983055114746,80.72301483154297,-2.371830030758898,7.791816565196861,-97.45817276816685,-25.92262,3.4400682,-0.5264218,5.677342,13.323335,-15.000033,12.027826,-0.57572883,-9.76944,24.096367,14.053373,7.1514874,11.677754,0.12410637,4.973823,52.14781,36.973236,-12.123383,-33.710125,19.94106,0.801244,3.406265,-29.756859,-21.073563,53.154457,-26.879759,-3.270147,-13.571958,-14.892382
17,-0.7306737899780273,-24.666667938232422,80.60113525390625,-2.6037364983163487,7.528698954396238,-97.29103600964481,-25.663376,3.3795304,-0.019977221,5.618938,13.145295,-15.000033,11.850906,-0.91428876,-10.621496,26.87448,13.499638,6.556625,11.357762,0.27646706,5.020293,51.483944,37.068817,-12.341192,-33.601112,19.864876,0.7377137,3.458509,-28.886671,-21.177145,53.47108,-26.546722,-3.3139076,-13.316256,-14.486911
18,-0.7666053175926208,-26.149188995361328,80.42943572998047,-2.723654976014771,7.233700839019824,-97.00582919725878,-25.163208,3.1497414,0.7005785,5.6063404,13.211864,-15.000033,11.546628,-1.4463825,-11.570456,30.05561,12.505107,5.70311,10.889375,0.33879432,5.1409326,50.618504,37.187344,-12.63128,-33.37303,19.731936,0.60192084,3.619615,-27.914238,-21.258106,53.68692,-26.055794,-3.4513576,-12.980288,-14.022976
19,-0.8216158747673035,-27.61876678466797,80.21654510498047,-2.67578526774621,6.94129812187278,-96.59308077582963,-24.469994,2.696165,1.2084919,5.567792,13.383984,-15.000033,11.116544,-2.1914637,-12.529926,33.486614,11.267734,4.744724,10.295121,0.23524518,5.308471,49.534973,37.348568,-13.011601,-33.00329,19.580317,0.4430093,3.8459315,-26.847923,-21.333487,53.80037,-25.43569,-3.6259017,-12.623178,-13.591635
20,-0.9048077464103699,-29.087411880493164,79.96391296386719,-2.46223151178442,6.67806290569409,-96.0534895619488,-23.715643,2.0210996,1.0264912,5.6118965,13.438747,-15.000033,10.569575,-3.0939593,-13.425183,37.002335,10.008351,3.8231077,9.617325,-0.052431967,5.485573,48.214325,37.578884,-13.512447,-32.47239,19.44827,0.31221324,4.0953608,-25.69889,-21.412664,53.791203,-24.701815,-3.7698228,-12.302502,-13.274965
21,-1.027061104774475,-30.551008224487305,79.67607116699219,-2.0606978561827134,6.439713334878723,-95.34138229898554,-22.922102,1.0195428,-0.36542264,5.7729244,13.581915,-15.000033,9.933897,-4.1386285,-14.289532,40.598797,8.7330475,2.9287379,8.877265,-0.5705013,5.659611,46.589165,37.98029,-14.195102,-31.7365,19.256628,0.1914065,4.435384,-24.378576,-21.515413,53.581726,-23.901146,-3.9045231,-11.992435,-13.078417
22,-1.107548475265503,-32.01253890991211,79.3276138305664,-1.1391496969002857,6.100640721929122,-94.41615719956235,-21.892181,-0.8674654,-1.6620568,5.9397016,14.018647,-11.588923,9.235995,-5.7928185,-15.02194,44.65029,7.162142,2.1903088,7.9236894,-1.5888277,6.006877,44.900238,38.426846,-14.886893,-30.982676,19.03906,0.04362218,4.820785,-22.962452,-21.599634,53.274834,-23.017792,-4.0366592,-11.674029,-12.964231
23,-1.1493628025054932,-33.42892074584961,78.98414611816406,-0.1416894519783621,5.703397602363418,-93.48482646204175,-22.279451,-3.0298176,-2.8566914,9.405506,12.666615,-7.795922,8.502556,-7.5265,-15.558101,48.73932,5.594673,1.5275621,6.973791,-2.6982784,6.415926,43.08406,38.897995,-15.6403265,-30.195837,18.89049,-0.04803268,5.165535,-21.508518,-21.671751,52.88477,-22.020647,-4.118307,-11.418055,-12.940826
24,-1.1887309551239014,-34.8516960144043,78.57380676269531,0.7353853377607609,5.281559618215274,-92.6682081043338,-22.967075,-5.014623,-3.4271014,13.7156925,10.246972,-4.620743,7.675422,-9.133826,-15.850599,52.745056,4.1525345,0.9603311,6.130115,-3.70393,6.8546515,41.149643,39.35438,-16.43418,-29.416319,18.902927,-0.00743989,5.3665414,-20.083792,-21.74503,52.44834,-20.903845,-4.1002326,-11.296546,-13.017424
25,-1.2552968263626099,-36.2878303527832,78.06626892089844,1.5351884370561686,4.854259511261506,-91.93864677541717,-23.280918,-6.628075,-3.2530882,17.604584,6.8513503,-2.0983312,6.707386,-10.655823,-15.909945,56.772545,2.8532698,0.5717237,5.353846,-4.6431546,7.3160276,39.12161,39.76065,-17.24554,-28.639292,19.169508,0.21765015,5.342531,-18.723686,-21.831362,52.006187,-19.665588,-3.8226287,-11.395289,-13.240708
26,-1.3078657388687134,-37.68260955810547,77.55501556396484,2.3417716894415608,4.413404080267931,-91.2400113557955,-23.433483,-8.028941,-2.7271013,21.55165,2.5300508,0.18309456,5.603269,-12.15744,-15.7757435,60.882637,1.6202388,0.34170982,4.586858,-5.5971184,7.8081617,36.978268,40.102875,-18.087591,-27.830832,19.633545,0.5713225,5.155762,-17.385397,-21.931791,51.54375,-18.32449,-3.359927,-11.657572,-13.592576
27,-1.330160140991211,-39.011226654052734,77.03836822509766,3.1413280493939237,3.999000485189452,-90.6017319370892,-23.468163,-9.279476,-2.1514106,25.288696,-1.9103402,2.1219044,4.302148,-13.622346,-15.461295,64.97568,0.38723564,0.15805383,3.8559477,-6.5569515,8.305905,34.657715,40.374638,-18.98274,-26.985651,20.165602,0.96682024,4.918938,-16.025131,-22.04068,51.009533,-16.898394,-3.009096,-11.940135,-13.990405
28,-1.3341493606567383,-40.29615020751953,76.5184555053711,3.9167247148045914,3.6534691064805216,-90.05467658130839,-23.447859,-10.48815,-1.733183,28.54614,-5.600265,3.651345,2.7403529,-15.038281,-14.9700575,68.942215,-0.902714,-0.10314802,3.1945376,-7.509789,8.784674,32.10845,40.573235,-19.952114,-26.103895,20.636126,1.3215307,4.75117,-14.598012,-22.148506,50.34686,-15.403283,-3.0656657,-12.093937,-14.354531
29,-1.342560052871704,-41.55052185058594,76.00586700439453,4.755825946071367,3.4277874877212726,-89.62418077869037,-23.464453,-11.753487,-1.3597677,31.2693,-8.259136,4.6937733,0.7757882,-16.507307,-14.192202,72.89746,-2.307725,-0.4661857,2.6233366,-8.557414,9.21819,29.2792,40.699593,-21.008463,-25.095701,20.905605,1.625752,4.717785,-13.1184225,-22.242222,49.534313,-13.75281,-3.6171467,-12.101556,-14.633578
30,-1.3649486303329468,-42.80153274536133,75.52469635009766,5.667141454026652,3.298925242774331,-89.27470306337985,-23.49373,-12.992681,-0.9122396,33.658913,-10.390484,5.333949,-1.55274,-18.007925,-13.137873,76.866394,-3.7852237,-0.8581199,2.1156366,-9.700017,9.617142,26.230326,40.74621,-22.12009,-24.003515,21.080408,1.9218079,4.751168,-11.600402,-22.314543,48.600185,-11.96027,-4.502594,-12.030737,-14.879527
31,-1.4068825244903564,-44.05567169189453,75.09082794189453,6.498028569080808,3.195822569811267,-88.95350370646283,-23.4214,-14.084656,-0.542495,35.781754,-12.253797,5.7641106,-4.0291104,-19.349194,-12.002888,80.59545,-5.236413,-1.2739444,1.6287063,-10.754973,10.021451,23.044611,40.69807,-23.237041,-23.001657,21.378202,2.2054505,4.76691,-10.006268,-22.367704,47.568504,-10.196769,-5.637499,-11.856034,-15.168092
32,-1.4585621356964111,-45.279205322265625,74.71781921386719,7.088580626849854,3.044899027461898,-88.6128165435571,-23.12127,-14.927687,-0.41378424,37.663334,-14.087821,6.161202,-6.422215,-20.364199,-11.013978,83.83278,-6.562849,-1.7223929,1.1193501,-11.532765,10.4758005,19.829945,40.536446,-24.30871,-22.28666,22.036184,2.471371,4.6756186,-8.293976,-22.414583,46.464092,-8.637359,-6.940316,-11.548465,-15.571739
33,-1.4972518682479858,-46.494422912597656,74.40966033935547,7.369430137290129,2.813822732725248,-88.23618325739243,-22.54765,-15.502249,-0.56941307,39.297886,-15.934969,6.533583,-8.698085,-20.984442,-10.218844,86.55399,-7.7283278,-2.2439523,0.5710027,-11.947665,11.040203,16.562004,40.25447,-25.338223,-21.915417,23.373869,2.76349,4.3675833,-6.4233556,-22.462727,45.240078,-7.2574553,-8.701601,-10.954174,-16.153034
34,-1.5209962129592896,-47.7047004699707,74.1624984741211,7.432829633473358,2.549031586938777,-87.85078131360261,-21.768293,-15.884775,-0.8975787,40.6554,-17.658787,6.8014345,-10.966425,-21.3267,-9.532576,88.89037,-8.785229,-2.835571,-0.0003517489,-12.108979,11.684754,13.188607,39.848816,-26.322165,-21.761831,25.17224,3.0590944,3.9106767,-4.427114,-22.517004,43.89927,-5.994013,-10.851565,-10.119525,-16.83423
35,-1.5389418601989746,-48.92007064819336,73.9658203125,7.359101629122877,2.293279176087681,-87.4764423807864,-20.821167,-16.126787,-1.3388922,41.708637,-19.223015,7.0021787,-13.204619,-21.523064,-8.994885,90.821434,-9.768734,-3.4441743,-0.58756906,-12.115057,12.319477,9.884278,39.301975,-27.19434,-21.824602,26.926102,3.2599041,3.4846733,-2.367614,-22.592663,42.53728,-4.968486,-12.7759905,-9.33165,-17.502956
36,-1.5494270324707031,-50.14346694946289,73.82228088378906,7.229529706393361,2.0882359184514883,-87.13321069283843,-19.746347,-16.2693,-1.8431523,42.43529,-20.594646,7.1701965,-15.392081,-21.705038,-8.637067,92.32055,-10.714027,-4.014278,-1.1966635,-12.05865,12.848959,6.7729535,38.595734,-27.905527,-22.056469,28.112864,3.2807753,3.2725916,-0.31204653,-22.711514,41.26518,-4.302926,-13.872967,-8.897377,-18.08661
37,-1.5712231397628784,-51.38621520996094,73.75180053710938,7.0500706555962775,1.9204243290890082,-86.84260720114321,-18.51425,-16.299772,-2.4060504,42.819458,-21.79856,7.300379,-17.534327,-21.918404,-8.476914,93.38869,-11.657694,-4.5640674,-1.8105596,-11.937595,13.285964,3.8534815,37.708767,-28.445686,-22.46761,28.576508,3.0393174,3.298654,1.7899809,-22.893808,40.052616,-4.1124935,-13.846388,-8.985089,-18.582495
38,-1.5880780220031738,-52.63010787963867,73.74556732177734,6.783839046014325,1.7763540392362658,-86.5873753244434,-17.12154,-16.195452,-3.0436056,42.8827,-22.845642,7.3818665,-19.631784,-22.097872,-8.507501,94.03194,-12.569048,-5.110235,-2.4369707,-11.699339,13.668146,1.023624,36.639057,-28.876936,-23.020596,28.610043,2.6052666,3.474588,3.9716651,-23.150202,38.848537,-4.3278036,-13.070082,-9.418971,-19.038239
39,-1.6161412000656128,-53.88005447387695,73.80133819580078,6.448450330319766,1.6967791646423624,-86.33018500624121,-15.649274,-15.976905,-3.7438753,42.661766,-23.683592,7.4348626,-21.65756,-22.210922,-8.717269,94.23058,-13.38312,-5.5935235,-3.1102803,-11.362635,13.936102,-1.749975,35.408257,-29.271624,-23.597862,28.362782,2.128591,3.8162813,6.144355,-23.483849,37.730927,-4.7926826,-11.948016,-9.995705,-19.468906
40,-1.646141529083252,-55.15837097167969,73.9261245727539,6.063229911205951,1.72277325625007,-86.03396095154315,-14.178718,-15.666223,-4.4971576,42.19215,-24.259068,7.47656,-23.584532,-22.2301,-9.092786,93.96426,-14.033756,-5.9561143,-3.8666685,-10.952755,14.032594,-4.4710693,34.053535,-29.670097,-24.1129,27.976475,1.7573605,4.3389487,8.205654,-23.891,36.789062,-5.3355284,-10.884549,-10.506733,-19.90008
41,-1.6689730882644653,-56.46337127685547,74.10784912109375,5.6230844612679265,1.8826126860725472,-85.67696568662964,-12.721442,-15.251065,-5.318414,41.436485,-24.59355,7.5108376,-25.430412,-22.191036,-9.685151,93.21327,-14.524777,-6.1884766,-4.722109,-10.475498,13.926181,-7.1257486,32.592426,-30.073359,-24.599068,27.344303,1.5267359,5.1639147,10.135346,-24.37458,36.081272,-5.984209,-9.829454,-10.937687,-20.383892
42,-1.7015076875686646,-57.78330612182617,74.35218048095703,5.124784521824037,2.1499464801175496,-85.28458909992654,-11.24927,-14.719654,-6.1998186,40.401474,-24.70904,7.52532,-27.190157,-22.103947,-10.488789,91.98542,-14.884655,-6.312691,-5.64703,-9.920995,13.663616,-9.696887,31.029015,-30.456833,-25.110634,26.432589,1.3474569,6.2460723,11.990891,-24.935606,35.54364,-6.8054714,-8.6188135,-11.390633,-20.887905
43,-1.724186897277832,-59.13214874267578,74.6548843383789,4.5923462759642195,2.4838326679404115,-84.8904343455445,-9.780166,-14.099431,-7.100001,39.18188,-24.551435,7.5097976,-28.811115,-21.90907,-11.39602,90.3093,-15.0884075,-6.3230433,-6.604127,-9.29889,13.305277,-12.168755,29.388851,-30.808199,-25.60528,25.491251,1.1902088,7.3532786,13.783024,-25.5606,35.083652,-7.68024,-7.4903865,-11.824174,-21.326162
44,-1.7463290691375732,-60.49884033203125,75.00006866455078,4.050232122989591,2.8423802494550743,-84.52744196812738,-8.331639,-13.421602,-7.9787045,37.87426,-24.067282,7.454231,-30.245134,-21.54708,-12.294502,88.21363,-15.111423,-6.218025,-7.556922,-8.627187,12.91004,-14.5199,27.7124,-31.109339,-26.058996,24.76491,1.0421718,8.25492,15.514401,-26.224016,34.609745,-8.482494,-6.6829324,-12.190571,-21.6167
45,-1.7565507888793945,-61.888153076171875,75.3900375366211,3.496142722688152,3.2450630565187075,-84.18518909492575,-6.9152412,-12.690582,-8.867054,36.455326,-23.240482,7.3543215,-31.50546,-21.03562,-13.201419,85.67231,-14.975153,-6.036949,-8.531905,-7.911254,12.459859,-16.71132,26.02464,-31.322046,-26.537151,24.340279,0.9301668,8.894813,17.151545,-26.908592,34.125263,-9.169632,-6.3065834,-12.473296,-21.71635
46,-1.7672200202941895,-63.29692077636719,75.81887817382812,2.9256852938462132,3.703949405007689,-83.85412328153781,-5.5336885,-11.902479,-9.766561,34.90286,-22.10675,7.213269,-32.609764,-20.40606,-14.143926,82.67738,-14.692367,-5.7710023,-9.535852,-7.1534443,11.941368,-18.746305,24.338217,-31.456524,-27.067822,24.069328,0.8614094,9.399772,18.683462,-27.608128,33.680363,-9.789138,-6.2214875,-12.694652,-21.679615
47,-1.7787632942199707,-64.73199462890625,76.27412414550781,2.35914714690237,4.1643727352598745,-83.56657127515439,-4.1801424,-11.079227,-10.598083,33.30853,-20.686287,7.036916,-33.51849,-19.619448,-15.019839,79.27907,-14.222868,-5.3521137,-10.503335,-6.376213,11.416833,-20.663788,22.680729,-31.570635,-27.57543,23.84483,0.8021901,9.814394,20.142199,-28.310177,33.248615,-10.348212,-6.291186,-12.863415,-21.57256
48,-1.7978039979934692,-66.17782592773438,76.754150390625,1.8159665707354662,4.5703572932014636,-83.3535080386456,-2.8406014,-10.24086,-11.286393,31.765852,-18.999166,6.83447,-34.19225,-18.63625,-15.725459,75.52099,-13.524886,-4.715654,-11.369131,-5.60843,10.947082,-22.49712,21.088083,-31.726759,-27.99378,23.553705,0.717805,10.185261,21.565615,-28.99632,32.79903,-10.860824,-6.3823686,-12.989698,-21.458511
49,-1.8205265998840332,-67.63690948486328,77.24454498291016,1.268140189090365,4.902958467829078,-83.23150018386491,-1.4692907,-9.351166,-11.8375025,30.256907,-17.019949,6.651366,-34.596043,-17.364067,-16.21383,71.32021,-12.6315155,-3.8531063,-12.130112,-4.840537,10.558344,-24.242922,19.589428,-31.936693,-28.343891,23.136778,0.60010767,10.524692,22.919867,-29.653727,32.34565,-11.292555,-6.5128202,-13.074185,-21.332724
50,-1.8471945524215698,-69.11911010742188,77.73999786376953,0.7245163908476976,5.188320386185652,-83.18050499013191,-0.09433275,-8.431381,-12.283583,28.782135,-14.766018,6.472609,-34.746975,-15.8767395,-16.512196,66.66738,-11.560761,-2.820159,-12.825077,-4.0861144,10.216224,-25.860603,18.19776,-32.173798,-28.691837,22.65494,0.47018042,10.813315,24.172121,-30.277155,31.912764,-11.626643,-6.741273,-13.114101,-21.166327
51,-1.8676003217697144,-70.61685180664062,78.2341537475586,0.25318391324827,5.438597953649874,-83.17611607387406,1.210225,-7.579007,-12.603323,27.43124,-12.30478,6.2145276,-34.684788,-14.363281,-16.635353,61.707684,-10.238796,-1.6346188,-13.452689,-3.4045534,9.885657,-27.324879,16.92202,-32.44426,-29.042608,22.177128,0.33633187,11.049124,25.36054,-30.858984,31.483215,-11.902281,-6.993049,-13.113035,-20.98662
52,-1.8916971683502197,-72.12744903564453,78.71967315673828,-0.0822277471090855,5.668856544472155,-83.19329201253143,2.3881793,-6.885235,-12.788944,26.256536,-9.677325,5.788793,-34.452744,-12.987031,-16.609339,56.575794,-8.579439,-0.29680917,-14.008285,-2.8471186,9.529253,-28.613987,15.767274,-32.75705,-29.392748,21.773188,0.20764467,11.230287,26.528065,-31.389725,31.035189,-12.160868,-7.192436,-13.073918,-20.819887
53,-1.9321309328079224,-73.64366912841797,79.17570495605469,-0.278562032829529,5.889119052355726,-83.24218793068844,3.437481,-6.3742247,-12.85141,25.211685,-6.7133217,5.2087336,-34.018208,-11.701036,-16.395199,51.097404,-6.3760056,1.293641,-14.492765,-2.414571,9.130519,-29.715454,14.741073,-33.117306,-29.747519,21.43285,0.09203521,11.34551,27.660913,-31.864552,30.579842,-12.3853655,-7.3489075,-12.975937,-20.662512
54,-1.9681228399276733,-75.18920135498047,79.59832763671875,-0.36217500357534066,6.08633669515051,-83.3268420855824,4.4227133,-6.004692,-12.827304,24.23198,-3.4272544,4.4847693,-33.34207,-10.432592,-15.955432,45.21243,-3.713988,3.1152532,-14.91389,-2.089714,8.707521,-30.641928,13.850678,-33.527164,-30.112263,21.12274,-0.014866493,11.399544,28.73108,-32.282265,30.132515,-12.550429,-7.4958,-12.824255,-20.5026
55,-1.9961763620376587,-76.74556732177734,79.9862289428711,-0.3213176388688748,6.244251629915632,-83.40905836522703,5.396812,-5.7668314,-12.7597065,23.314419,-0.11436001,3.5287073,-32.46833,-9.295114,-15.35813,39.225765,-0.9381555,4.9930797,-15.280624,-1.8867751,8.274939,-31.400595,13.095199,-33.996185,-30.495775,20.891275,-0.122353256,11.415314,29.762125,-32.64007,29.675354,-12.685816,-7.5944057,-12.661174,-20.353857
56,-2.0251500606536865,-78.30889892578125,80.33265686035156,-0.15025506235938021,6.347642479698409,-83.44955673568151,6.4138165,-5.64825,-12.688195,22.44549,2.936084,2.27289,-31.45519,-8.405752,-14.717191,33.456394,1.6122633,6.74704,-15.59901,-1.8109859,7.8478093,-32.01369,12.468842,-34.530113,-30.890526,20.778015,-0.24080044,11.413804,30.78405,-32.93292,29.185854,-12.825326,-7.604857,-12.528712,-20.230082
57,-2.051900625228882,-79.8963851928711,80.61836242675781,0.20153869944513114,6.377040712108304,-83.43521492749421,7.5868063,-5.7024107,-12.682421,21.41274,5.8213086,0.4859433,-30.267107,-7.803253,-13.999813,27.801332,3.9522452,8.404656,-15.868137,-1.9091138,7.418799,-32.508453,11.971238,-35.167732,-31.2985,20.854057,-0.33996058,11.39884,31.846643,-33.1555,28.630686,-12.9977,-7.524072,-12.4131155,-20.107586
58,-2.0868492126464844,-81.47606658935547,80.83856201171875,0.7330489883803529,6.335852906484366,-83.36617068271674,8.895723,-5.9496503,-12.7577915,20.229012,8.671557,-1.7251871,-28.86058,-7.463191,-13.200093,22.09371,6.261684,10.041798,-16.103586,-2.182952,6.984843,-32.885807,11.603399,-35.899982,-31.707382,21.070072,-0.42464945,11.358486,32.926064,-33.3062,28.028765,-13.181365,-7.3722615,-12.299392,-19.986826
59,-2.1233041286468506,-83.0501708984375,80.98843383789062,1.3745171545083015,6.246289772758329,-83.22405654602306,10.164925,-6.3198595,-12.822176,19.261436,11.2471,-3.8883893,-27.328463,-7.391335,-12.511827,16.621616,8.432576,11.558826,-16.343456,-2.5701468,6.564405,-33.1003,11.355026,-36.669765,-32.10886,21.317081,-0.5581698,11.290802,33.930565,-33.38694,27.44829,-13.328088,-7.144209,-12.227676,-19.919611
60,-2.160000801086426,-84.62288665771484,81.07594299316406,2.0357602646674566,6.142191261446696,-83.01407152104228,11.170949,-6.7123036,-12.711339,18.945396,13.28197,-5.51476,-25.824877,-7.5377817,-12.1292,11.762803,10.332938,12.862129,-16.600584,-2.9857132,6.168359,-33.114574,11.209909,-37.416374,-32.48197,21.484423,-0.805191,11.192355,34.76396,-33.403843,26.958729,-13.38133,-6.835992,-12.238379,-19.958527
61,-2.2002649307250977,-86.18571472167969,81.1204833984375,2.684197012110093,6.075392664041602,-82.73894532174398,11.750989,-7.0696564,-12.263296,19.535175,14.631599,-6.428511,-24.374376,-7.8474216,-12.23878,7.443995,11.986664,13.94507,-16.874771,-3.3794112,5.751849,-32.944214,11.166478,-38.130825,-32.823288,21.551044,-1.2337203,11.04074,35.410294,-33.36362,26.580967,-13.324275,-6.366303,-12.37898,-20.13899
62,-2.2430222034454346,-87.7352294921875,81.1258544921875,3.307982561701944,6.0400600327196905,-82.44290848928432,11.960819,-7.3625107,-11.499217,20.890228,15.400464,-6.873401,-24.156202,-8.481081,-12.556894,6.104838,12.105194,14.860343,-17.08367,-3.7376578,5.321628,-32.635906,11.207889,-38.872005,-33.120655,21.574486,-1.7922257,10.850993,35.95043,-33.25242,26.2365,-13.202791,-5.7670274,-12.621128,-20.412237
63,-2.3073489665985107,-89.26083374023438,81.09577178955078,3.7884035581163453,6.00409299970965,-82.23681457392097,11.854079,-7.46559,-10.479332,22.936472,15.646545,-7.0069633,-24.308449,-9.015929,-13.066623,5.9558454,11.716542,15.000033,-17.176676,-3.979017,4.9446416,-32.13922,11.327978,-39.577408,-33.346233,21.572618,-2.3756113,10.647644,36.276188,-33.094955,26.003498,-12.947698,-5.192014,-12.881899,-20.7509
64,-2.3761494159698486,-90.76899719238281,81.03623962402344,4.131970749350496,5.923292251994294,-82.14106145402393,11.602822,-7.3979216,-9.354841,25.345013,15.587717,-6.9592676,-24.240627,-9.321026,-13.458365,5.860436,11.501736,15.000033,-17.142439,-4.1185536,4.679435,-31.418356,11.524683,-40.227055,-33.492573,21.554747,-2.8746338,10.473108,36.34343,-32.897354,25.8777,-12.532312,-4.800921,-13.080829,-21.10755
65,-2.448622941970825,-92.26596069335938,80.93486785888672,4.323256609314786,5.789803394530066,-82.1632180939374,11.211238,-7.1055512,-8.0637665,28.166298,15.122842,-6.642505,-23.910736,-9.371151,-13.803517,5.793881,11.67974,15.000033,-16.98323,-4.144438,4.538259,-30.444365,11.783884,-40.805187,-33.540825,21.518728,-3.3192985,10.335126,36.144043,-32.68131,25.875538,-11.961026,-4.6425724,-13.183658,-21.524221
66,-2.5178771018981934,-93.7503890991211,80.79224395751953,4.380198012262007,5.62972384690906,-82.27177992636882,10.654147,-6.576898,-6.595691,31.422365,14.238404,-6.0106306,-23.348946,-9.226838,-14.196947,5.753956,12.145008,15.000033,-16.716192,-4.056735,4.4872293,-29.251001,12.102076,-41.326447,-33.492714,21.463469,-3.7489464,10.21372,35.722424,-32.45195,25.9715,-11.26504,-4.6265426,-13.236289,-22.008133
67,-2.57828950881958,-95.2352523803711,80.60894775390625,4.305451826327121,5.444100050373596,-82.46369697627141,10.012752,-5.875027,-5.1501584,34.88109,13.207002,-5.2975044,-22.600489,-8.910198,-14.397822,5.777005,12.47464,15.000033,-16.345877,-3.8446057,4.5248833,-27.889305,12.474363,-41.78432,-33.35528,21.40926,-4.071393,10.096307,35.094498,-32.218506,26.14298,-10.456074,-4.6907115,-13.27358,-22.477032
68,-2.6138572692871094,-96.71728515625,80.38558959960938,4.107528169478822,5.227529121193693,-82.73229779911698,9.357019,-5.092537,-3.9095485,38.33814,12.297153,-4.7401824,-21.716639,-8.440474,-14.150838,5.9198394,12.234647,15.000033,-15.882211,-3.5037289,4.6527424,-26.40656,12.894651,-42.171062,-33.1356,21.37836,-4.194574,9.970695,34.278355,-31.993423,26.368736,-9.548986,-4.773668,-13.3312645,-22.849512
69,-2.6396336555480957,-98.19844055175781,80.12123107910156,3.7141886280815175,4.9591876069227325,-83.13705890765772,8.712644,-4.175312,-2.8522189,41.85235,11.535219,-4.4306254,-20.65857,-7.6393247,-13.316219,6.191742,11.278741,13.810759,-15.265815,-2.9692674,4.8941755,-24.774717,13.354183,-42.503273,-32.83009,21.323233,-4.0556893,9.858687,33.305508,-31.790619,26.629154,-8.556398,-4.909323,-13.421008,-23.08962
70,-2.714056968688965,-99.64807891845703,79.80935668945312,3.023949654457967,4.632138211658953,-83.73809874516176,8.039414,-2.9610407,-1.902115,45.618156,10.694645,-4.3147464,-20.935526,-6.568635,-12.1105175,9.771807,8.248143,10.281853,-14.440447,-2.174883,5.2736793,-22.984255,13.85038,-42.778015,-32.429783,21.248894,-3.7139697,9.754517,32.206665,-31.613033,26.934671,-7.519862,-5.110254,-13.519375,-23.248827
71,-2.7900943756103516,-101.0813217163086,79.45059204101562,2.332906122108005,4.230157780874571,-84.33672616585667,7.3706837,-1.7937591,-1.1888227,49.39645,9.874765,-4.268977,-21.592743,-5.410687,-10.837275,14.433176,4.5551376,6.559484,-13.61371,-1.3884295,5.7437134,-21.106733,14.387162,-42.948326,-31.938793,21.255287,-3.263638,9.610771,30.955994,-31.452826,27.312311,-6.4572206,-5.282168,-13.614949,-23.374659
72,-2.8605782985687256,-102.53353118896484,79.01473236083984,1.6994571187021354,3.8088584828211447,-84.8755155665343,6.6077304,-0.7583475,-0.75960404,53.145,9.032453,-4.2610903,-21.936245,-4.244252,-10.075955,18.42553,1.1746408,3.4981275,-12.856916,-0.66264516,6.265366,-19.202057,14.973394,-42.967426,-31.373114,21.443317,-2.799982,9.379343,29.516111,-31.29309,27.792814,-5.37527,-5.3332477,-13.696768,-23.514622
73,-2.930293083190918,-103.96315002441406,78.55106353759766,1.0011019370131997,3.403597037979809,-85.3968356307209,5.6819253,0.22657055,-0.64460063,56.983906,8.1206,-4.3896,-21.967216,-3.1292493,-10.070648,21.794718,-2.1836748,1.2169449,-12.138236,0.13529564,6.83755,-17.27309,15.618032,-42.828083,-30.718876,21.77244,-2.3137758,9.0345,27.866545,-31.113033,28.379374,-4.2469473,-5.191657,-13.802123,-23.648987
74,-3.013902425765991,-105.33930969238281,78.08869171142578,0.19981900463448504,3.0027495896867933,-85.93932640473142,4.622078,1.1803774,-0.7804046,60.931473,7.146156,-4.6836247,-21.83405,-2.0423954,-10.45506,24.994843,-5.818102,-0.7077264,-11.417363,1.0431287,7.46751,-15.267159,16.319674,-42.548706,-29.998592,22.21099,-1.7690978,8.610777,26.005941,-30.902937,29.058987,-3.0571146,-4.924413,-13.925895,-23.761377
75,-3.117459535598755,-106.66200256347656,77.61138916015625,-0.6189614253070741,2.6263364932291275,-86.47340169341919,3.4111247,2.045136,-1.0707176,64.86275,6.1042504,-5.022314,-21.589956,-1.0290604,-10.911499,27.97407,-9.402772,-2.2806587,-10.720517,1.968473,8.128788,-13.15785,17.065706,-42.1176,-29.281887,22.873623,-1.2244304,8.148891,23.918842,-30.664022,29.834347,-1.8242247,-4.6457443,-13.99488,-23.905502
76,-3.237370491027832,-107.93334197998047,77.12925720214844,-1.3584524565845622,2.292235159469137,-86.96494010710386,2.0275404,2.777196,-1.4279065,68.65296,5.0018263,-5.2581754,-21.30571,-0.08576607,-11.179852,30.6618,-12.53859,-3.5277817,-10.0760765,2.8053308,8.799436,-10.921295,17.837242,-41.521072,-28.635187,23.876743,-0.74012727,7.684257,21.595016,-30.404503,30.708706,-0.5744843,-4.465592,-13.934766,-24.138079
77,-3.345660448074341,-109.18183135986328,76.66024780273438,-2.05935651016544,2.0103673197833136,-87.40643062809987,0.41687694,3.4086502,-1.9213756,72.389145,3.7739918,-5.366107,-21.03063,0.874649,-11.323945,33.045883,-15.053167,-4.3952203,-9.491911,3.5942738,9.503814,-8.541496,18.613964,-40.728848,-28.026154,25.416767,-0.32639307,7.1756163,18.963802,-30.131231,31.733671,0.79900277,-4.31872,-13.690258,-24.549326
78,-3.4182662963867188,-110.43302154541016,76.2244644165039,-2.7609427470892327,1.7747576868542156,-87.81927952451828,-1.4023696,3.9509928,-2.569222,76.11011,2.437519,-5.418443,-20.738695,1.8177397,-11.494519,35.20529,-17.183119,-4.9072084,-8.9495945,4.377856,10.245394,-6.030504,19.382936,-39.753677,-27.425236,27.375933,0.034845218,6.614209,16.073433,-29.837303,32.871803,2.2430623,-4.1679473,-13.3128605,-25.088024
79,-3.457159996032715,-111.66072845458984,75.8432388305664,-3.358876055156298,1.57837490157125,-88.21391239473992,-3.3570886,4.3522544,-3.2115722,79.63278,1.1215353,-5.3945055,-20.39652,2.6215358,-11.597426,37.158722,-19.09048,-5.2173114,-8.422132,5.0432467,10.974953,-3.4192665,20.139048,-38.65349,-26.887629,29.397453,0.33396718,6.0862775,13.096011,-29.510527,33.990078,3.4977036,-4.169905,-12.885607,-25.593428
80,-3.480386257171631,-112.85128784179688,75.52238464355469,-3.743087199855753,1.4141385298968492,-88.5981605797971,-5.3789167,4.5714216,-3.687222,82.76634,-0.03350381,-5.265396,-19.961666,3.1811404,-11.534729,38.884716,-20.916918,-5.4706097,-7.876974,5.4713945,11.641806,-0.74237597,20.884497,-37.49089,-26.466074,31.125717,0.57445437,5.681597,10.195514,-29.14107,34.960976,4.320277,-4.4880953,-12.489658,-25.89981
81,-3.5043485164642334,-114.03338623046875,75.25139617919922,-3.8439354773636154,1.2864387449643597,-88.97982266838461,-7.501902,4.540989,-3.9670775,85.5003,-0.9495083,-4.997523,-19.43709,3.4534783,-11.2818365,40.375122,-22.694426,-5.6705747,-7.300291,5.580438,12.254242,2.0437858,21.619957,-36.232376,-26.160732,32.585968,0.7639543,5.446139,7.35831,-28.727976,35.774742,4.675853,-5.2804384,-12.098123,-25.929913
82,-3.5310592651367188,-115.24833679199219,75.0353775024414,-3.7340241098014357,1.199702072119809,-89.35309649742732,-9.753465,4.3180776,-4.1232023,87.92566,-1.702244,-4.603736,-18.837215,3.5277123,-10.926336,41.6197,-24.32987,-5.7535458,-6.6991506,5.44603,12.834546,4.9448276,22.34528,-34.86193,-25.946402,33.928257,0.909161,5.3275714,4.521574,-28.271984,36.47883,4.6888804,-6.4265757,-11.686442,-25.774725
83,-3.565580129623413,-116.45277404785156,74.86985778808594,-3.517323673910363,1.1466726689790816,-89.70444964227572,-12.058536,4.061042,-4.1518292,89.99886,-2.3831365,-4.122896,-18.138123,3.4995062,-10.530012,42.59077,-25.778002,-5.7607484,-6.074095,5.18691,13.349601,7.869971,23.065504,-33.46504,-25.839458,34.98758,1.0186952,5.269325,1.7572626,-27.771019,37.049652,4.38231,-7.679311,-11.339174,-25.522621
84,-3.593306541442871,-117.6639404296875,74.75999450683594,-3.2982714825547994,1.118898975207797,-90.02081172483484,-14.342449,3.9269133,-4.059845,91.67405,-3.0861547,-3.5958676,-17.318619,3.4530225,-10.143797,43.263718,-26.995667,-5.7305274,-5.41873,4.9230595,13.762495,10.717449,23.785002,-32.136833,-25.851076,35.597332,1.1009384,5.218071,-0.8644867,-27.225702,37.46573,3.787355,-8.793623,-11.137311,-25.265345
85,-3.618356227874756,-118.87202453613281,74.70897674560547,-3.085098888508094,1.0951955645926053,-90.27402802812351,-16.6125,3.9460046,-3.8608658,92.95813,-3.844881,-3.0229132,-16.345913,3.377597,-9.79024,43.63884,-27.99702,-5.6619434,-4.751955,4.6670957,14.079566,13.484345,24.506886,-30.880693,-25.992205,35.586,1.1629968,5.182289,-3.3247743,-26.635317,37.695297,2.8486133,-9.793158,-11.154528,-24.984898
86,-3.623434066772461,-120.10233306884766,74.70976257324219,-2.832099737736758,1.0856538265489715,-90.48029653392139,-18.898474,4.044376,-3.5492694,93.86569,-4.604489,-2.387521,-15.239362,3.2352583,-9.44402,43.728027,-28.798517,-5.5391407,-4.069821,4.3626046,14.315165,16.227327,25.229445,-29.64109,-26.27009,35.083324,1.2029475,5.186632,-5.6857553,-26.005629,37.780098,1.5992367,-10.778729,-11.333678,-24.651497
87,-3.622277021408081,-121.34412384033203,74.78009033203125,-2.5528674324871448,1.1281635001808425,-90.69327418702707,-21.154615,4.2216473,-3.109924,94.354866,-5.329352,-1.7089273,-14.062991,3.0609846,-9.074757,43.53563,-29.36417,-5.3744636,-3.3371005,4.026397,14.44121,18.92745,25.946072,-28.426594,-26.67924,34.375355,1.2130492,5.199725,-7.988284,-25.352226,37.816097,0.19275336,-11.62854,-11.551647,-24.339941
88,-3.614075183868408,-122.58512115478516,74.89710998535156,-2.264907390383349,1.2613642744131661,-90.96607447380552,-23.33691,4.4792337,-2.5281072,94.39008,-5.982895,-1.0074621,-12.881437,2.8879354,-8.648805,43.066273,-29.658337,-5.1787815,-2.517184,3.6766334,14.428673,21.552902,26.64659,-27.259531,-27.202301,33.75075,1.1851044,5.1883326,-10.26008,-24.69581,37.888546,-1.231603,-12.216876,-11.681333,-24.120106
89,-3.5921757221221924,-123.85004425048828,75.07485961914062,-1.9706216931184017,1.5135566084388994,-91.33256271471002,-25.47239,4.894357,-1.7309343,93.96171,-6.6074023,-0.20205766,-11.708619,2.7260551,-8.143298,42.276905,-29.685957,-4.9464536,-1.5791353,3.321881,14.24617,24.086657,27.327738,-26.16097,-27.855824,33.293037,1.1010973,5.131712,-12.49042,-24.04823,38.013214,-2.7197754,-12.449629,-11.665693,-24.038889
90,-3.564202070236206,-125.1381607055664,75.30813598632812,-1.6620029397243148,1.8587687140045652,-91.75750956925292,-27.554268,5.4396625,-0.7443854,93.08739,-7.215118,0.67557204,-10.514611,2.548767,-7.576116,41.187836,-29.465895,-4.672697,-0.55718744,2.9489925,13.919333,26.54194,27.987955,-25.120134,-28.630634,32.849277,0.96960187,5.048426,-14.662528,-23.414143,38.15857,-4.334802,-12.408353,-11.575229,-24.050575
91,-3.536344051361084,-126.44524383544922,75.59912109375,-1.3393100698735232,2.254941260899242,-92.19006732587388,-29.489447,5.9639997,0.30068475,91.76445,-7.7197576,1.4437878,-9.299071,2.3383298,-6.9738927,39.897804,-28.982483,-4.369964,0.4875544,2.5466666,13.503273,28.918976,28.618223,-24.11916,-29.458328,32.35445,0.8220315,4.9630823,-16.77223,-22.80493,38.330433,-5.978301,-12.246134,-11.473232,-24.082695
92,-3.509251117706299,-127.77021789550781,75.9294662475586,-1.0040173704031818,2.65985191305179,-92.57881836256969,-31.198042,6.3207912,1.2734599,89.9908,-8.027839,1.9317558,-8.063155,2.0805118,-6.365617,38.507404,-28.220942,-4.050279,1.4940348,2.1111972,13.053286,31.211456,29.203842,-23.139742,-30.264904,31.745749,0.6887005,4.8992114,-18.819477,-22.236086,38.533314,-7.552537,-12.112854,-11.423203,-24.061686
93,-3.4739081859588623,-129.1151123046875,76.29376983642578,-0.6587899939943649,3.083780947583264,-92.92548849865929,-32.688244,6.5270767,2.186701,87.73596,-8.128873,2.0969036,-6.806048,1.7886544,-5.7136188,36.986248,-27.179785,-3.7272954,2.4661942,1.6499374,12.557094,33.39468,29.739912,-22.18528,-31.029797,30.963322,0.56511,4.850887,-20.83159,-21.722706,38.77796,-9.064871,-12.003334,-11.44248,-23.974743
94,-3.440110445022583,-130.48793029785156,76.69799041748047,-0.30471365851797344,3.5425941551279654,-93.25084127809282,-33.990982,6.6449795,3.0961049,85.00474,-8.066212,2.0332117,-5.534018,1.467893,-5.015345,35.308395,-25.87091,-3.3907592,3.4244628,1.1682858,11.9997425,35.46365,30.228558,-21.27128,-31.780848,30.061184,0.43719226,4.8056393,-22.790216,-21.271252,39.065323,-10.578811,-11.851309,-11.496118,-23.859144
95,-3.3952929973602295,-131.87217712402344,77.13117980957031,0.05744565704816041,4.001877981042229,-93.53309822511446,-35.0697,6.6032906,3.927344,81.84041,-7.8205876,1.7861981,-4.2587004,1.0990608,-4.351778,33.580193,-24.299345,-3.0204947,4.33503,0.66735053,11.429827,37.43586,30.663715,-20.397476,-32.510017,29.146776,0.32055765,4.778216,-24.639887,-20.883669,39.38448,-12.070963,-11.708466,-11.5676365,-23.714102
96,-3.350074291229248,-133.2749786376953,77.58930969238281,0.4259935134045202,4.426519805634329,-93.75077613271891,-35.891823,6.336395,4.598648,78.28246,-7.374115,1.4064333,-2.986843,0.6668149,-3.8013377,31.903027,-22.467796,-2.5978887,5.165656,0.15330677,10.893965,39.323128,31.033783,-19.563782,-33.203964,28.329157,0.22982316,4.7836833,-26.327164,-20.557709,39.72649,-13.506864,-11.63008,-11.643149,-23.539797
97,-3.2915170192718506,-134.69374084472656,78.06165313720703,0.8278142193174386,4.811190473889751,-93.88216269957515,-36.44581,5.766808,5.067996,74.26325,-6.7688394,0.93816996,-1.6802657,0.14024186,-3.369726,30.235037,-20.339762,-2.1190317,5.90039,-0.39263958,10.402306,41.10174,31.33287,-18.766504,-33.845364,27.649427,0.16415548,4.8116703,-27.871943,-20.294708,40.10671,-14.868858,-11.663735,-11.717972,-23.340017
98,-3.2283318042755127,-136.13507080078125,78.5400619506836,1.2467486241725358,5.170431510336432,-93.94350427532873,-36.744495,4.9779973,5.3551435,69.774086,-6.0031385,0.36813635,-0.35255116,-0.4488315,-3.0103621,28.565147,-17.94005,-1.5924656,6.554047,-0.951604,9.93256,42.7636,31.562979,-18.008688,-34.43818,27.051361,0.11510812,4.8567476,-29.302565,-20.095901,40.535255,-16.174425,-11.764044,-11.800672,-23.113865
99,-3.1647515296936035,-137.5747833251953,79.01344299316406,1.6196807657025303,5.49889524814775,-93.97158268661576,-36.793564,4.138661,5.470726,64.93127,-4.987622,-0.3448243,0.92944133,-1.0199078,-2.7180648,27.008034,-15.349512,-1.0156748,7.144625,-1.4623203,9.480047,44.337643,31.725763,-17.301073,-34.999477,26.496893,0.08529718,4.9417562,-30.564722,-19.95339,40.996166,-17.445152,-11.864005,-11.8938265,-22.853865
100,-3.0817601680755615,-139.04840087890625,79.47486877441406,1.8880613641643018,5.792757861705219,-94.00398826377109,-36.601997,3.3970468,5.434601,59.84209,-3.6279125,-1.2560424,2.098578,-1.4946706,-2.4860783,25.673763,-12.634145,-0.38238925,7.6908565,-1.8706064,9.036962,45.85914,31.823055,-16.65435,-35.55262,25.950308,0.077497184,5.0898995,-31.606638,-19.853783,41.472073,-18.69707,-11.900379,-11.999718,-22.552221
101,-2.996002435684204,-140.53306579589844,79.92027282714844,2.0558651177754412,6.062596328950588,-94.03665653487738,-36.128506,2.7141118,5.2218375,54.323555,-1.7396151,-2.4665945,3.1401565,-1.8602347,-2.3038223,24.54115,-9.655697,0.30955562,8.185378,-2.1814103,8.588268,47.342937,31.85359,-16.077068,-36.093082,25.41049,0.10727581,5.3511786,-32.430923,-19.791271,41.957752,-19.911432,-11.856979,-12.111192,-22.176052
102,-2.9119997024536133,-142.02549743652344,80.33759307861328,2.142036578300523,6.30318294806899,-94.05871291074855,-35.356262,2.0492032,4.794105,48.332043,0.58943284,-3.918155,4.10566,-2.138989,-2.1536357,23.540197,-6.4148574,1.0804806,8.624507,-2.4110298,8.141192,48.770973,31.820633,-15.5595665,-36.617146,24.896229,0.1663417,5.698564,-33.062542,-19.762674,42.46818,-21.080015,-11.779266,-12.228762,-21.738922
103,-2.838385581970215,-143.52687072753906,80.71768951416016,2.1152925335770023,6.489432053324108,-94.09804261410864,-34.353058,1.5240078,4.182373,42.211163,3.046131,-5.44296,5.033212,-2.3065543,-2.0266309,22.692743,-3.1811213,1.9551572,9.024083,-2.5316195,7.7160354,50.140457,31.73456,-15.075581,-37.149,24.396091,0.22230503,6.040322,-33.530468,-19.76113,43.002365,-22.19435,-11.649331,-12.367401,-21.298948
104,-2.765707015991211,-145.0553436279297,81.05767059326172,1.9549121957030549,6.597301454844851,-94.18160308840048,-33.19123,1.2375268,3.4620667,36.29408,5.332304,-6.8789315,5.9593043,-2.3488805,-1.9260889,22.013805,-0.21190047,2.938776,9.401103,-2.528184,7.3337307,51.4525,31.610695,-14.598135,-37.720882,23.896147,0.24469835,6.2852364,-33.862602,-19.777006,43.55833,-23.250187,-11.452529,-12.542252,-20.913544
105,-2.698528289794922,-146.58636474609375,81.35466003417969,1.6075362607656103,6.592269091917864,-94.32368588187148,-31.80514,1.2077554,2.5725837,30.448332,7.4939594,-8.281668,6.9670463,-2.2083478,-1.8563365,21.384706,2.571617,4.120548,9.776446,-2.35076,7.008367,52.75946,31.456934,-14.10845,-38.370895,23.39282,0.2286517,6.4042664,-34.05754,-19.803646,44.142426,-24.240763,-11.149507,-12.776524,-20.59547
106,-2.6346850395202637,-148.1243438720703,81.59195709228516,1.081383806875643,6.48650394979419,-94.52297390685392,-30.160381,1.4183112,1.5216758,24.49931,9.6858425,-9.719057,8.040863,-1.8775175,-1.7951956,20.784525,5.2970695,5.457643,10.150219,-2.0053043,6.72608,54.066223,31.274122,-13.617671,-39.092068,22.889278,0.1923621,6.4501977,-34.12652,-19.841337,44.74624,-25.153568,-10.745814,-13.054996,-20.309265
107,-2.580289602279663,-149.66236877441406,81.76903533935547,0.4431337422932527,6.328095623222234,-94.77993590742244,-28.426155,1.8777406,0.521885,18.80338,11.74941,-11.06665,9.062835,-1.4264349,-1.7393074,20.383158,7.784181,6.7320337,10.513958,-1.5565206,6.4685435,55.289234,31.071987,-13.149518,-39.84153,22.381683,0.14031616,6.452737,-34.078556,-19.886225,45.356426,-25.983217,-10.335958,-13.334839,-20.044308
108,-2.540848970413208,-151.2042236328125,81.88794708251953,-0.21814932814462834,6.175318021510926,-95.0822624629161,-26.81266,2.5256763,-0.20015942,13.788466,13.501209,-12.209786,9.885112,-0.9645193,-1.7211523,20.3988,9.828754,7.7173414,10.841969,-1.0941585,6.210584,56.345688,30.865326,-12.72641,-40.568443,21.86306,0.077397175,6.4433703,-33.947098,-19.935736,45.952095,-26.713812,-9.9899,-13.574381,-19.788792
109,-2.5062172412872314,-152.72705078125,81.95243072509766,-0.8684805535309044,6.082081543738443,-95.4349234966406,-25.397255,3.342681,-0.48471877,9.503667,14.873909,-13.089503,10.386139,-0.53727907,-1.7296848,20.982195,11.37206,8.372125,11.129303,-0.66801775,5.9012895,57.25636,30.659443,-12.333013,-41.300896,21.28459,0.0069882963,6.391986,-33.76421,-19.990456,46.534405,-27.340134,-9.690671,-13.781342,-19.55357
110,-2.4625189304351807,-154.24000549316406,81.96758270263672,-1.5114269261943396,6.022792567929899,-95.81497905006222,-24.179073,4.2270355,-0.4504405,5.908428,15.901388,-13.808687,10.606705,-0.16911517,-1.813352,22.093433,12.479316,8.780913,11.367936,-0.27235648,5.5600243,58.041634,30.457916,-11.967423,-42.04093,20.662931,-0.072557166,6.2955065,-33.504345,-20.048607,47.110573,-27.869125,-9.419554,-13.972936,-19.341164
111,-2.41003680229187,-155.724609375,81.94944763183594,-2.0751123630493207,5.956219610193954,-96.14907811466813,-24.425121,4.954723,-0.40059003,5.776324,15.248743,-14.447306,10.613547,0.013962699,-2.1182587,23.690216,13.109106,8.913789,11.502311,0.046476435,5.257234,58.6186,30.277176,-11.666751,-42.702995,20.085619,-0.16486289,6.227801,-33.149914,-20.10837,47.651073,-28.282223,-9.200779,-14.123962,-19.127007
112,-2.360478401184082,-157.16998291015625,81.88904571533203,-2.4960971679850124,5.836927453443022,-96.36965939825299,-24.452637,5.40347,-0.40005934,5.6906495,14.840762,-15.000033,10.498905,-0.09637559,-2.7726097,25.695736,13.230855,8.753026,11.4917965,0.24731937,5.0660005,58.90838,30.153624,-11.471523,-43.207973,19.636377,-0.27230278,6.2693233,-32.667767,-20.16468,48.12189,-28.561213,-9.071409,-14.208894,-18.885017
113,-2.30637264251709,-158.61392211914062,81.77726745605469,-2.7204549010137544,5.648350361455111,-96.4624382292601,-24.20275,5.504157,-0.22533591,5.6463447,14.762287,-15.000033,10.282056,-0.6240352,-3.8704433,28.18935,12.674923,8.252312,11.319137,0.29223374,5.0173135,58.9035,30.101814,-11.390706,-43.56954,19.346054,-0.39421883,6.444482,-32.050064,-20.214354,48.510754,-28.697704,-9.074775,-14.222395,-18.58502
114,-2.2471625804901123,-160.04312133789062,81.62113189697266,-2.8211808450122033,5.436253567435189,-96.46655722838632,-23.73326,5.418,0.012304565,5.634097,14.929726,-15.000033,9.953251,-1.4739239,-5.3053503,31.088305,11.541503,7.4135537,11.010338,0.22433238,5.0472407,58.642178,30.106573,-11.3938465,-43.817066,19.16455,-0.5315011,6.7087326,-31.31883,-20.257448,48.831036,-28.696798,-9.17541,-14.179638,-18.248674
115,-2.186546564102173,-161.46856689453125,81.41575622558594,-2.794837104288819,5.211386973731145,-96.36345591528875,-23.09728,5.149796,0.091235824,5.6513567,15.1919365,-15.000033,9.549027,-2.5784824,-6.88482,34.231182,10.102726,6.3680634,10.569787,0.03367154,5.143032,58.125214,30.168114,-11.477031,-43.915855,19.05243,-0.68618256,7.047819,-30.460314,-20.311798,49.103558,-28.586468,-9.3108015,-14.081715,-17.937202
116,-2.15806245803833,-162.88803100585938,81.16963195800781,-2.637997537237562,4.9780417316518575,-96.1402581006406,-22.347029,4.694018,-0.21949829,5.7065177,15.395954,-15.000033,9.092699,-3.8582153,-8.429081,37.48144,8.63582,5.2433963,10.041416,-0.29965618,5.293399,57.338657,30.336071,-11.650464,-43.82803,18.962353,-0.85403395,7.459669,-29.455517,-20.398638,49.289516,-28.384981,-9.39544,-13.931782,-17.69062
117,-2.157391309738159,-164.2957000732422,80.880615234375,-2.3355579887531897,4.715218552588421,-95.77092434347075,-21.471443,3.9609485,-1.2156225,5.8125525,15.794841,-15.000033,8.630361,-5.3400617,-9.994896,40.854603,7.1251187,3.9732962,9.388978,-0.80239993,5.512618,56.291332,30.605383,-11.903095,-43.55512,18.918776,-1.0820888,8.005507,-28.269648,-20.494001,49.383183,-28.114098,-9.421705,-13.674166,-17.502392
118,-2.150045394897461,-165.70237731933594,80.53852081298828,-1.8264003678050453,4.3773055737675355,-95.26761276507524,-21.119589,2.7759864,-2.4863613,7.4738455,15.639722,-14.167214,8.197128,-7.1467905,-11.579068,44.459938,5.401909,2.571208,8.618784,-1.5085877,5.8443274,54.99981,30.970818,-12.250753,-43.133087,18.930824,-1.352171,8.674525,-26.920208,-20.597067,49.392834,-27.7508,-9.424662,-13.324611,-17.351826
119,-2.1126997470855713,-167.0927276611328,80.14947509765625,-1.1780545312209618,3.96700359208112,-94.71048435177384,-21.63581,1.2289504,-3.4117992,11.36345,14.07658,-12.120186,7.7702985,-9.143262,-12.969131,48.184822,3.6127481,1.2151634,7.8199797,-2.3440056,6.2757807,53.503075,31.410475,-12.681783,-42.59554,18.939575,-1.5794497,9.320607,-25.492132,-20.72004,49.332962,-27.246641,-9.387215,-12.995185,-17.262644
120,-2.0603575706481934,-168.4447479248047,79.757568359375,-0.5411663614629755,3.5443430116747665,-94.18033963948699,-21.876385,-0.2589496,-3.8583727,14.875853,11.907018,-10.038713,7.2551565,-11.068086,-14.0300865,51.87753,1.9490895,0.024178574,7.0680056,-3.1807399,6.739796,51.81464,31.887197,-13.174694,-41.945366,18.885527,-1.6830814,9.790848,-24.076397,-20.878052,49.22217,-26.558043,-9.287432,-12.80046,-17.262142
121,-2.027200698852539,-169.820556640625,79.2824478149414,0.12256597511484926,3.098165964719021,-93.65468363138923,-21.91302,-1.609361,-3.7612023,18.33799,8.414459,-7.72735,6.645295,-12.956609,-14.783402,55.608753,0.46214497,-0.9258957,6.3349886,-4.057113,7.250584,49.946026,32.36809,-13.715651,-41.169956,18.722532,-1.6810278,10.051208,-22.707277,-21.085783,49.088337,-25.67487,-9.05034,-12.823457,-17.399242
122,-2.0027050971984863,-171.1717529296875,78.75016784667969,0.8421767261902012,2.617413883675964,-93.11041239050657,-21.852524,-2.9385657,-3.429595,21.983328,3.8517282,-5.127971,5.9530754,-14.854846,-15.307252,59.423702,-0.9288612,-1.719186,5.5925465,-5.0009246,7.816003,47.862373,32.83996,-14.326249,-40.24994,18.49956,-1.607665,10.170998,-21.322104,-21.346056,48.923077,-24.645296,-8.710814,-12.98837,-17.650885
123,-1.9516133069992065,-172.46685791015625,78.22607421875,1.5949216095483894,2.1756433909869,-92.5746061440911,-21.73579,-4.268723,-3.052798,25.46852,-0.834077,-2.636059,5.057425,-16.688244,-15.553888,63.228268,-2.277714,-2.4168932,4.866581,-5.9891396,8.372475,45.501896,33.29633,-15.035532,-39.17368,18.295303,-1.406499,10.154595,-19.873062,-21.650036,48.684395,-23.501272,-8.403978,-13.171258,-17.936817
124,-1.8838869333267212,-173.72921752929688,77.7017822265625,2.3670609584166202,1.8515290531077209,-92.06984270257314,-21.630087,-5.6116204,-2.7002032,28.477894,-4.677069,-0.61219406,3.8193524,-18.390936,-15.466247,66.937454,-3.6456854,-3.0778909,4.1809783,-7.0039945,8.854427,42.80666,33.734165,-15.8708315,-37.940716,18.18761,-1.0197213,10.009661,-18.309874,-21.979792,48.32941,-22.268776,-8.270255,-13.245307,-18.17746
125,-1.8287889957427979,-174.9433135986328,77.16973114013672,3.2648783810093143,1.7192252549658802,-91.59897410494354,-21.639462,-7.008094,-2.1717613,30.954811,-7.4118466,0.86299634,2.0298443,-20.031595,-14.890453,70.694336,-5.083871,-3.6988213,3.5259414,-8.166918,9.2113905,39.730145,34.149326,-16.840082,-36.45305,18.063494,-0.31661487,9.738649,-16.649055,-22.315315,47.85498,-20.87866,-8.251524,-13.201773,-18.329113
126,-1.7810449600219727,-176.15133666992188,76.66944122314453,4.281350439174701,1.7268001632168044,-91.1384362797975,-21.722004,-8.400014,-1.4498652,33.11878,-9.608726,1.9985718,-0.22453712,-21.591675,-13.885346,74.49976,-6.5398655,-4.226758,2.8862545,-9.465303,9.475318,36.315975,34.52867,-17.925396,-34.74897,17.925793,0.63527685,9.345382,-14.90986,-22.644573,47.27823,-19.32787,-8.304376,-13.099865,-18.441263
127,-1.7391899824142456,-177.35757446289062,76.21884155273438,5.229067170344993,1.7649880520158427,-90.670447141812,-21.741583,-9.661891,-0.80939794,35.057133,-11.521504,2.888265,-2.6427999,-22.899359,-12.732522,78.07713,-7.931491,-4.6631904,2.2679129,-10.677195,9.715671,32.64472,34.853226,-19.105724,-33.027233,18.022429,1.5924846,8.830588,-13.046432,-22.961832,46.586246,-17.747887,-8.587568,-12.912885,-18.5741
128,-1.6993763446807861,-178.5366668701172,75.82772064208984,5.9153602986943055,1.7251550108859413,-90.1832943183527,-21.559717,-10.69535,-0.5306507,36.826675,-13.3735075,3.6136549,-4.908869,-23.820974,-11.741219,81.15803,-9.184541,-5.0262036,1.6777594,-11.579275,10.013089,28.810371,35.102383,-20.353529,-31.497272,18.604244,2.3069043,8.185009,-11.011618,-23.270128,45.767906,-16.274374,-9.259306,-12.612078,-18.784515
129,-1.6500465869903564,-179.70237731933594,75.50811004638672,6.264155023491256,1.5751112912219527,-89.6574735628365,-21.14547,-11.487324,-0.7171283,38.43891,-15.17536,4.1391845,-6.953233,-24.290936,-10.98421,83.68792,-10.255849,-5.3047624,1.0953239,-12.0735655,10.418992,24.709976,35.2777,-21.698818,-30.129019,19.924143,2.7132368,7.2980824,-8.757424,-23.567116,44.786148,-14.8597555,-10.635065,-12.050985,-19.090534
130,-1.6017202138900757,-180.8799591064453,75.25199127197266,6.385378890058365,1.378484124619604,-89.10629903916146,-20.570318,-12.094373,-1.1818036,39.85885,-16.811289,4.4443173,-8.930758,-24.416325,-10.340298,85.81789,-11.194815,-5.508103,0.52042973,-12.298343,10.901318,20.388182,35.366936,-23.092392,-28.89366,21.786463,2.9195335,6.2121315,-6.3170652,-23.850855,43.65482,-13.470066,-12.533005,-11.281681,-19.43876
131,-1.5562885999679565,-182.05776977539062,75.04388427734375,6.363397096395032,1.1701787713267557,-88.5702728362396,-19.845186,-12.539869,-1.7766889,41.04435,-18.29458,4.6253095,-10.856747,-24.349482,-9.833341,87.58392,-12.06389,-5.6966643,-0.03295814,-12.3734865,11.41443,16.14224,35.32494,-24.38114,-27.96376,23.770199,2.9435515,5.135018,-3.7830005,-24.130716,42.46223,-12.253734,-14.370341,-10.577547,-19.798851
132,-1.5040063858032227,-183.25619506835938,74.8857650756836,6.282715524165775,0.983599048181711,-88.08989451466962,-18.983126,-12.846727,-2.3609397,41.95497,-19.64055,4.7777934,-12.749111,-24.238165,-9.475693,89.015045,-12.923928,-5.929008,-0.5724171,-12.405774,11.897182,12.233851,35.09875,-25.435122,-27.454939,25.468258,2.8231394,4.258727,-1.2629865,-24.422813,41.318714,-11.347711,-15.57157,-10.217563,-20.174513
133,-1.4590271711349487,-184.44790649414062,74.78055572509766,6.141147507566217,0.8032209380591449,-87.68637590759374,-17.954622,-12.993624,-2.9018316,42.578293,-20.88081,4.9007893,-14.616761,-24.094692,-9.270864,90.12375,-13.81505,-6.245154,-1.0935035,-12.377146,12.360114,8.657226,34.650036,-26.253952,-27.38489,26.998615,2.5047934,3.516066,1.2702976,-24.73948,40.208473,-10.786385,-15.979327,-10.346921,-20.611807
134,-1.4267207384109497,-185.63938903808594,74.7308578491211,5.901440646556511,0.620552204131861,-87.333943209627,-16.76595,-12.978024,-3.460841,42.935688,-21.998625,4.9561067,-16.444223,-23.856644,-9.220827,90.887115,-14.692052,-6.6078076,-1.6206651,-12.22282,12.811902,5.233896,33.97635,-26.926582,-27.591623,28.515303,1.99078,2.8409317,3.8414526,-25.087624,39.097775,-10.48137,-15.908507,-10.797093,-21.110046
135,-1.4133830070495605,-186.83229064941406,74.73588562011719,5.597950071737207,0.47777852553329225,-87.0035636584109,-15.48449,-12.849987,-4.0466166,43.036205,-22.934677,4.981046,-18.21409,-23.558256,-9.326662,91.27554,-15.486678,-6.957424,-2.1921887,-11.97922,13.181601,1.9564773,33.094208,-27.493141,-27.919935,29.681715,1.4328623,2.4133165,6.354174,-25.475456,38.06495,-10.382997,-15.500436,-11.383583,-21.61359
136,-1.4095065593719482,-188.0408477783203,74.79632568359375,5.265933959528956,0.41687788927712643,-86.66662779784095,-14.179276,-12.658009,-4.672462,42.89363,-23.631775,5.0099583,-19.910257,-23.236942,-9.586809,91.26007,-16.132202,-7.234811,-2.8475273,-11.6900215,13.4007845,-1.1573662,32.03468,-27.960009,-28.241158,30.161133,0.9908457,2.3981688,8.704571,-25.911043,37.20402,-10.43441,-14.891626,-11.920192,-22.068508
137,-1.4066945314407349,-189.27359008789062,74.9122543334961,4.904322640298897,0.4416187962270653,-86.31631898662714,-12.835585,-12.395073,-5.353144,42.475353,-24.101393,5.054119,-21.526365,-22.934448,-10.048935,90.8215,-16.627851,-7.456649,-3.5814714,-11.367291,13.466434,-4.0794487,30.811283,-28.312868,-28.591236,29.635242,0.7044526,2.9673169,10.890876,-26.407242,36.555023,-10.698421,-13.949606,-12.405068,-22.489975
138,-1.405725121498108,-190.52635192871094,75.08815002441406,4.499763254962269,0.5324517101187691,-85.9681216644653,-11.434358,-12.037265,-6.073545,41.794437,-24.369833,5.094178,-23.065458,-22.625711,-10.6993885,89.97325,-17.004936,-7.638581,-4.3643622,-10.990765,13.413852,-6.837268,29.429258,-28.572172,-29.010681,28.361391,0.48096904,3.9845355,12.980951,-26.970366,36.05157,-11.192509,-12.653118,-12.92749,-22.889565
139,-1.3925427198410034,-191.78318786621094,75.3104019165039,4.071029139931982,0.696149997870657,-85.62729870113365,-10.037626,-11.608509,-6.806317,40.930237,-24.3998,5.114624,-24.526464,-22.252245,-11.44106,88.734024,-17.245432,-7.722925,-5.189117,-10.561368,13.23622,-9.479786,27.91639,-28.773663,-29.406054,26.86857,0.28798604,5.148619,14.975948,-27.593584,35.629982,-11.788319,-11.308697,-13.431015,-23.21461
140,-1.3788989782333374,-193.06797790527344,75.57979583740234,3.636672032397898,0.9391892522638925,-85.29852632983358,-8.705276,-11.1365,-7.5257964,39.95944,-24.152996,5.098751,-25.911203,-21.758274,-12.173496,87.12305,-17.330994,-7.6558375,-6.049867,-10.084201,12.929934,-12.037332,26.315664,-28.931833,-29.70944,25.680107,0.123077,6.161003,16.864399,-28.258049,35.23069,-12.349883,-10.22369,-13.853475,-23.41988
141,-1.356921672821045,-194.36749267578125,75.88935089111328,3.20029750059513,1.2971146012154893,-84.97446899426846,-7.4743114,-10.626871,-8.238908,38.868908,-23.623995,5.0371203,-27.261793,-21.163935,-12.904227,85.12998,-17.26844,-7.436923,-6.964167,-9.570362,12.458272,-14.488464,24.650011,-29.005825,-29.975649,24.862967,0.019535188,7.005525,18.617697,-28.952087,34.864147,-12.865176,-9.453986,-14.177242,-23.466402
142,-1.3381551504135132,-195.68592834472656,76.23575592041016,2.756447047556668,1.755039405614746,-84.65667232727105,-6.313386,-10.072024,-8.952952,37.63557,-22.835009,4.9375954,-28.559132,-20.495811,-13.666312,82.7413,-17.070498,-7.09283,-7.921653,-9.01997,11.844911,-16.81407,22.930449,-28.981953,-30.250797,24.152187,-0.02504803,7.8272667,20.235594,-29.67252,34.563457,-13.38472,-8.845521,-14.431291,-23.39038
143,-1.3226382732391357,-197.021728515625,76.61043548583984,2.3105699526765697,2.243119448616607,-84.36213964677094,-5.1748357,-9.482867,-9.645238,36.31774,-21.787664,4.8108706,-29.718859,-19.709528,-14.390197,79.975174,-16.72175,-6.6131535,-8.873925,-8.428044,11.1785755,-19.034063,21.19093,-28.91266,-30.47725,23.570654,-0.040564682,8.570946,21.75292,-30.407742,34.29609,-13.87268,-8.395556,-14.62255,-23.26468
144,-1.3026140928268433,-198.3841552734375,77.01499938964844,1.8677770054542564,2.691136924700574,-84.10745733557088,-4.010675,-8.868807,-10.293002,34.979015,-20.485931,4.6697946,-30.657398,-18.761395,-15.004045,76.847244,-16.211817,-5.9912972,-9.771234,-7.7995405,10.548229,-21.157122,19.478857,-28.861185,-30.612206,23.135406,-0.05377801,9.184107,23.206032,-31.139551,34.02088,-14.291301,-8.103435,-14.763352,-23.15975
145,-1.2780954837799072,-199.75929260253906,77.44084167480469,1.4112798338780377,3.095275942177168,-83.89107364586637,-2.7942762,-8.21244,-10.927654,33.59544,-18.918398,4.536502,-31.359299,-17.612442,-15.487145,73.3069,-15.570165,-5.2350636,-10.632902,-7.132598,9.9645195,-23.150835,17.826565,-28.817522,-30.705032,22.922665,-0.045053184,9.634261,24.555254,-31.855482,33.759674,-14.594734,-8.047217,-14.855494,-23.096395
146,-1.2607533931732178,-201.1534423828125,77.88050079345703,0.9500573036797118,3.4858464457698766,-83.70588558220611,-1.5633708,-7.525009,-11.548127,32.17081,-17.099957,4.4002357,-31.857794,-16.313114,-15.855761,69.35285,-14.80334,-4.3616896,-11.48074,-6.444221,9.390769,-24.988436,16.249205,-28.760046,-30.81379,22.889341,0.00022563677,9.963112,25.772713,-32.550797,33.536884,-14.796832,-8.206523,-14.89548,-23.035686
147,-1.2438708543777466,-202.5705108642578,78.33087158203125,0.5263686507312668,3.8440940655474103,-83.55914997284746,-0.35731146,-6.8571105,-12.085697,30.794544,-15.062691,4.2238603,-32.147644,-14.945311,-16.08773,65.068405,-13.855679,-3.373429,-12.270163,-5.771698,8.842598,-26.676647,14.768478,-28.74352,-30.921812,22.872252,0.04664779,10.231011,26.920403,-33.216633,33.308277,-14.960767,-8.432845,-14.885452,-22.957455
148,-1.2276663780212402,-204.0061492919922,78.7821273803711,0.17973431600191692,4.151328566496233,-83.4576890260056,0.7920755,-6.260048,-12.477891,29.542654,-12.828666,3.968472,-32.222336,-13.581889,-16.167402,60.528267,-12.668545,-2.267944,-12.954771,-5.1513724,8.334676,-28.217365,13.408057,-28.825695,-31.018066,22.706034,0.057889704,10.500458,28.065649,-33.83936,33.024258,-15.152562,-8.576013,-14.828087,-22.839766
149,-1.216334342956543,-205.445556640625,79.22796630859375,-0.10529804082130746,4.39989019870143,-83.41240864871456,1.9023389,-5.719832,-12.716599,28.389822,-10.315944,3.6626759,-32.037098,-12.150932,-16.042788,55.58559,-11.179526,-0.99741375,-13.532968,-4.574403,7.878091,-29.597845,12.188002,-29.02459,-31.104536,22.29362,0.023279894,10.8183365,29.19821,-34.409794,32.687885,-15.363589,-8.606275,-14.708427,-22.665264
150,-1.202313780784607,-206.89808654785156,79.65394592285156,-0.33622510335219546,4.596849032020453,-83.41485616612532,2.9899266,-5.232082,-12.84347,27.308722,-7.53741,3.3101733,-31.579435,-10.658873,-15.70675,50.214123,-9.433259,0.40737605,-14.035387,-4.0430894,7.462411,-30.794214,11.117062,-29.322596,-31.219254,21.734694,-0.036361612,11.146436,30.270847,-34.924957,32.332394,-15.553048,-8.602705,-14.530904,-22.447191
151,-1.1822038888931274,-208.36729431152344,80.05581665039062,-0.46289723252570436,4.747742525193443,-83.44045802845268,4.0422983,-4.8607335,-12.881759,26.327618,-4.6382337,2.8333867,-30.907997,-9.279124,-15.225534,44.6799,-7.519546,1.8472197,-14.464431,-3.6068807,7.0661006,-31.79809,10.197916,-29.720833,-31.392986,21.15553,-0.110042796,11.417789,31.30671,-35.37965,31.949291,-15.743015,-8.584627,-14.326908,-22.209803
152,-1.1636196374893188,-209.8441619873047,80.42420196533203,-0.4420398132798426,4.85993175264371,-83.46481857433221,5.05784,-4.6623673,-12.863493,25.447638,-1.7483369,2.153525,-30.09682,-8.162412,-14.690507,39.25315,-5.5211287,3.237957,-14.816833,-3.3064299,6.667591,-32.613224,9.428862,-30.22084,-31.644424,20.679304,-0.18475671,11.564301,32.3339,-35.768814,31.522892,-15.959165,-8.571426,-14.127873,-21.975775
153,-1.1491090059280396,-211.33648681640625,80.75953674316406,-0.23530846138948763,4.922045570477042,-83.48205764028253,6.0880475,-4.6883597,-12.804832,24.57543,1.232637,1.2052213,-29.104462,-7.3184986,-14.065758,33.800705,-3.273471,4.6451936,-15.091639,-3.1742113,6.258789,-33.247536,8.815324,-30.859009,-31.97867,20.278864,-0.2559688,11.585181,33.389454,-36.087193,31.028828,-16.222927,-8.558564,-13.919899,-21.715498
154,-1.1356123685836792,-212.83538818359375,81.05281829833984,0.1335066827626255,4.930257656708791,-83.4964774975026,7.1528115,-4.915284,-12.728065,23.67782,4.3622675,0.032540746,-27.89164,-6.681779,-13.32144,28.195301,-0.7660841,6.1005135,-15.299974,-3.192608,5.8515835,-33.702328,8.360242,-31.632193,-32.383476,19.905546,-0.32741964,11.510822,34.443253,-36.333195,30.486168,-16.511045,-8.541563,-13.693352,-21.427132
155,-1.1100226640701294,-214.35169982910156,81.29561614990234,0.6106452091387341,4.904651082074742,-83.49715787255337,8.2072525,-5.277902,-12.66981,22.830898,7.458656,-1.2742932,-26.558199,-6.26602,-12.600056,22.735271,1.6972411,7.481257,-15.459902,-3.3184996,5.453281,-33.973698,8.052876,-32.476463,-32.85008,19.654856,-0.39840645,11.317858,35.417923,-36.50785,29.951782,-16.77889,-8.533598,-13.486218,-21.17704
156,-1.0780153274536133,-215.8556671142578,81.48433685302734,1.1383906152780812,4.867850890757467,-83.47544583259237,9.193393,-5.700239,-12.645251,22.130165,10.33211,-2.6143515,-25.238749,-6.0699544,-12.070194,17.777039,3.7956696,8.666231,-15.58583,-3.5034027,5.068954,-34.05974,7.873138,-33.32886,-33.365326,19.630608,-0.47061163,10.981644,36.234726,-36.615486,29.483662,-16.978802,-8.547422,-13.336217,-21.032114
157,-1.0560252666473389,-217.35128784179688,81.62042236328125,1.73062700110444,4.8362761067332185,-83.42473413871544,10.105635,-6.1688347,-12.617786,21.5452,13.037069,-4.0872154,-23.986986,-6.1080246,-11.822415,13.369575,5.4129863,9.645974,-15.672782,-3.7518156,4.6735926,-33.99164,7.8099666,-34.201023,-33.917137,19.958992,-0.54325414,10.450944,36.9154,-36.655956,29.069342,-17.126041,-8.607691,-13.255112,-21.006731
158,-1.0396050214767456,-218.83497619628906,81.70020294189453,2.398084150268719,4.8002876772425145,-83.35354288393319,10.946854,-6.7145867,-12.593382,21.084475,15.626225,-5.704223,-22.746256,-6.3299537,-11.803742,9.324858,6.7547326,10.494089,-15.720977,-4.0714936,4.263598,-33.79155,7.8560953,-35.103104,-34.474583,20.553543,-0.625034,9.745942,37.470303,-36.63315,28.70851,-17.222437,-8.697511,-13.219209,-21.072329
159,-1.0286234617233276,-220.31695556640625,81.72651672363281,3.042622232820986,4.7580722450542385,-83.29499617588839,11.621601,-7.2815185,-12.596221,20.98077,17.865772,-7.224304,-21.849377,-6.6524167,-11.934955,6.4013133,7.5869474,11.20795,-15.688609,-4.376551,3.890968,-33.423065,8.011539,-36.028233,-35.056274,21.208462,-0.7258542,8.969454,37.880905,-36.54592,28.38988,-17.249687,-8.775837,-13.222243,-21.208199
160,-1.0284819602966309,-221.7638702392578,81.7148666381836,3.5648876305541632,4.710546080044188,-83.28629998267482,12.0333,-7.805117,-12.620625,21.460453,19.524174,-8.399271,-22.048264,-7.0883346,-12.05779,6.2719746,7.190425,11.780333,-15.590623,-4.58198,3.5816512,-32.86344,8.256683,-36.88956,-35.615578,21.714638,-0.8569502,8.195107,38.01824,-36.415123,28.217543,-17.108942,-8.792893,-13.249113,-21.427347
161,-1.0324431657791138,-223.2023468017578,81.67608642578125,3.9293509923040957,4.689708640804116,-83.34004027269158,12.08936,-8.278808,-12.666432,22.662779,20.5074,-9.098478,-22.076181,-7.33178,-12.425279,6.1919436,7.0590153,12.169835,-15.399501,-4.636808,3.3207047,-32.10591,8.585037,-37.68999,-36.16045,22.045525,-1.0433522,7.38973,37.889595,-36.24747,28.188982,-16.797718,-8.740913,-13.306026,-21.784397
162,-1.0393847227096558,-224.6276092529297,81.59669494628906,4.168335586286722,4.696057267201026,-83.45197367231769,11.842568,-8.698467,-12.678694,24.457413,20.942274,-9.465275,-21.947037,-7.423727,-13.031983,6.1527376,7.1105165,12.390038,-15.111757,-4.5682354,3.092693,-31.174744,8.994288,-38.449627,-36.686283,22.306189,-1.272961,6.525501,37.534172,-36.045002,28.274384,-16.349287,-8.641006,-13.396948,-22.262966
163,-1.0481301546096802,-226.0435791015625,81.47187805175781,4.301807642761292,4.677542434038633,-83.6257931348825,11.434395,-9.016011,-12.575813,26.634336,20.946045,-9.654902,-21.633865,-7.36005,-13.648362,6.1393495,7.3178277,12.504329,-14.743439,-4.417484,2.9388897,-30.084488,9.478578,-39.153522,-37.16775,22.485958,-1.4896537,5.6996293,36.959282,-35.81832,28.45273,-15.788,-8.489506,-13.508632,-22.749361
164,-1.0528545379638672,-227.46047973632812,81.2903823852539,4.347914993174857,4.582039503062206,-83.86424519109777,10.999916,-9.179183,-12.284581,28.999718,20.626392,-9.82189,-21.119982,-7.137458,-14.04304,6.1539626,7.6450524,12.577588,-14.31465,-4.2210903,2.9013062,-28.843126,10.03039,-39.78507,-37.58089,22.580393,-1.6367928,5.008425,36.177303,-35.585205,28.701982,-15.144622,-8.283422,-13.627154,-23.13115
165,-1.0709816217422485,-228.85546875,81.06785583496094,4.329493787348013,4.370383194952044,-84.16540536042571,10.604198,-9.195573,-11.795262,31.53173,19.915588,-9.970678,-20.34576,-6.766484,-14.168734,6.1795797,8.415586,12.933719,-13.833991,-4.008444,3.0067675,-27.420912,10.643732,-40.338886,-37.934322,22.560627,-1.6868415,4.4519286,35.183826,-35.36034,29.023207,-14.423141,-7.9509025,-13.775489,-23.364582
166,-1.0912692546844482,-230.24249267578125,80.78294372558594,4.227610796107716,4.0744422828919,-84.52362680905188,10.171331,-9.0627165,-11.152452,34.32607,18.787666,-10.021816,-19.33755,-6.238612,-14.141924,6.2278748,9.527828,13.440053,-13.2994,-3.7399647,3.231438,-25.821371,11.316721,-40.812347,-38.233707,22.443447,-1.6720761,3.9852526,33.993053,-35.148964,29.416746,-13.631063,-7.5128226,-13.951935,-23.515665
167,-1.1057223081588745,-231.62681579589844,80.44903564453125,4.007318716973064,3.7430107830797144,-84.93061796979131,9.645015,-8.719492,-10.377921,37.343506,17.420702,-10.004099,-18.200354,-5.5377235,-13.981878,6.3333173,10.325271,13.48206,-12.721888,-3.3565605,3.5414426,-24.098612,12.049061,-41.190613,-38.46084,22.291626,-1.6264939,3.6369867,32.63803,-34.951862,29.865522,-12.802429,-7.098031,-14.10382,-23.638033
168,-1.1280755996704102,-233.00836181640625,80.06815338134766,3.650728576521456,3.4200577317819576,-85.37154187106972,8.983821,-8.123756,-9.502391,40.52403,16.008404,-9.945292,-18.32064,-4.9846215,-13.57937,9.317666,8.691671,12.442004,-12.11801,-2.8216052,3.900752,-22.307638,12.839896,-41.462585,-38.596012,22.163729,-1.5851191,3.4362726,31.149246,-34.76741,30.354197,-11.969313,-6.833744,-14.178896,-23.78573
169,-1.1466220617294312,-234.38880920410156,79.64231872558594,3.1528087404625538,3.081290780391785,-85.86474343733727,8.258386,-7.2463145,-8.48152,43.845604,14.564333,-9.847083,-18.48167,-4.2348304,-12.792796,12.646291,5.502675,9.666165,-11.483364,-2.123105,4.3175154,-20.418453,13.684825,-41.641132,-38.651077,22.036535,-1.5566993,3.4506412,29.538528,-34.60033,30.88232,-11.113568,-6.822669,-14.14296,-23.961203
170,-1.1669200658798218,-235.74667358398438,79.1857681274414,2.5862187182122023,2.6885778814495938,-86.38413484584301,7.5264444,-6.163692,-7.3543086,47.282,13.035259,-9.678849,-18.73699,-3.2777863,-11.537919,16.477354,1.1837629,5.639355,-10.841475,-1.3464249,4.8086805,-18.41091,14.580232,-41.722992,-38.629036,21.88819,-1.5236514,3.64473,27.800236,-34.450886,31.458698,-10.245056,-6.9700046,-14.028554,-24.140203
171,-1.1806498765945435,-237.10406494140625,78.68167114257812,2.0114846907241057,2.283600952048584,-86.86670492353906,6.694788,-4.962697,-6.259563,50.79678,11.496731,-9.427022,-19.011946,-2.136128,-10.209069,20.364428,-3.2578034,1.4504427,-10.232294,-0.56166625,5.3445053,-16.343441,15.524936,-41.67877,-38.509056,21.786125,-1.482108,3.8956285,25.939373,-34.3022,32.080017,-9.435972,-7.114463,-13.885239,-24.33819
172,-1.2274231910705566,-238.42230224609375,78.1747817993164,1.4168326580696953,1.9319852707320522,-87.27587323304897,5.6241064,-3.6604087,-5.3228803,54.40693,9.987363,-9.096889,-19.192604,-0.93078846,-9.362495,23.799429,-6.9452066,-1.7831048,-9.665852,0.23254392,5.8909307,-14.274434,16.51631,-41.481937,-38.267147,21.797617,-1.4274509,4.083403,23.947655,-34.127132,32.734657,-8.739315,-7.097205,-13.765007,-24.569918
173,-1.29897141456604,-239.7102813720703,77.66700744628906,0.6712618614127805,1.6760811493816306,-87.59636037915617,4.200306,-2.07816,-4.584964,58.29162,8.468103,-8.728795,-19.320627,0.25870508,-9.387616,26.831635,-9.882174,-3.776314,-9.124842,1.1674634,6.4314466,-12.2602005,17.557487,-41.15041,-37.858406,21.821514,-1.3750141,4.2216187,21.854542,-33.889126,33.382156,-8.157285,-6.8130913,-13.73208,-24.829817
174,-1.3859976530075073,-240.9425048828125,77.14743041992188,-0.23738040354844775,1.4929510801033494,-87.87277830927907,2.4992306,-0.20750934,-3.9993846,62.41072,6.9084015,-8.322965,-19.450785,1.3956828,-9.933783,29.79214,-12.64026,-5.13572,-8.58022,2.2511892,6.977326,-10.25233,18.640064,-40.700455,-37.3022,21.857647,-1.3218219,4.367041,19.644438,-33.573093,34.0187,-7.6376495,-6.377121,-13.747022,-25.110538
175,-1.4742400646209717,-242.16067504882812,76.61612701416016,-1.157694926183447,1.3550987766832834,-88.16585922326517,0.6358787,1.6866231,-3.5452697,66.48277,5.349532,-7.8296742,-19.505217,2.384302,-10.547803,32.578735,-15.236521,-6.069244,-8.018949,3.319058,7.5345654,-8.149919,19.733837,-40.100117,-36.665627,22.127474,-1.2343982,4.462085,17.248497,-33.192528,34.687164,-7.164128,-5.957288,-13.705719,-25.42843
176,-1.5760730504989624,-243.35594177246094,76.11963653564453,-1.9197618045256428,1.2291343135555663,-88.5277334486307,-1.2719249,3.3194919,-3.177586,70.223755,3.8339157,-7.193781,-19.41066,3.2281475,-10.810227,34.993114,-17.590519,-6.7551675,-7.436864,4.1919384,8.111278,-5.8526664,20.796144,-39.30975,-36.00899,22.853203,-1.0796065,4.4421535,14.605414,-32.78036,35.438026,-6.7390594,-5.713211,-13.500846,-25.803896
177,-1.6404293775558472,-244.5411376953125,75.681396484375,-2.504299471113675,1.1242890556233407,-88.99336197004314,-3.2644753,4.618971,-2.914349,73.65546,2.3454227,-6.383209,-19.178932,4.0386243,-10.687107,36.91138,-19.565004,-7.1090765,-6.8090434,4.8580194,8.717672,-3.3262951,21.783148,-38.298462,-35.26613,24.2287,-0.77591664,4.2689667,11.609256,-32.372616,36.359703,-6.3146415,-5.6445494,-13.009937,-26.36348
178,-1.6561849117279053,-245.69960021972656,75.31543731689453,-2.99127832687252,1.0523279986924154,-89.52791028929127,-5.3956976,5.7172384,-2.7590928,76.910126,0.8655065,-5.4357615,-18.858002,4.821788,-10.44526,38.457546,-21.198643,-7.0786233,-6.1425657,5.407138,9.3418665,-0.6394143,22.671366,-37.09332,-34.39347,26.092327,-0.37268132,3.9673753,8.36501,-31.970055,37.37835,-5.965523,-5.65808,-12.317565,-27.0635
179,-1.6548120975494385,-246.8262481689453,75.01529693603516,-3.350526740052781,0.9817899182561892,-90.07633382991209,-7.5721564,6.631305,-2.6180406,79.88149,-0.5689175,-4.398306,-18.426035,5.485337,-10.125922,39.742935,-22.634407,-6.873642,-5.4688725,5.8006887,9.9626255,2.1441808,23.455502,-35.751408,-33.48397,28.13405,-0.03201159,3.5736415,5.1310916,-31.547829,38.302807,-5.865712,-5.788701,-11.625116,-27.65982
180,-1.6381926536560059,-247.97265625,74.76425170898438,-3.548052196003956,0.8821849955370429,-90.58259128590245,-9.6966095,7.383844,-2.3949068,82.45936,-1.9184041,-3.319158,-17.855003,5.926638,-9.752718,40.87296,-24.015148,-6.7040873,-4.8135676,5.995275,10.559929,4.9615793,24.14625,-34.332455,-32.64095,30.046455,0.09011144,3.1389072,2.1344328,-31.075106,38.955116,-6.1395903,-6.08628,-11.135238,-27.902647
181,-1.6174671649932861,-249.13250732421875,74.56035614013672,-3.5338504034155673,0.7201556157504457,-91.03527658835846,-11.748889,7.929022,-2.0448382,84.64362,-3.1695712,-2.1405709,-17.102377,6.0787935,-9.314373,41.880463,-25.391884,-6.6032705,-4.191311,5.920603,11.174666,7.8745656,24.745789,-32.782616,-31.849403,31.969774,-0.090223834,2.6372254,-0.6055493,-30.530947,39.279076,-6.8120975,-6.6928887,-10.924282,-27.626038
182,-1.5932291746139526,-250.29428100585938,74.40363311767578,-3.3356742208779537,0.5228828941578764,-91.46301170178775,-13.7740555,8.265789,-1.5992377,86.48329,-4.343419,-0.86606324,-16.183134,6.020737,-8.820785,42.69457,-26.681402,-6.4716406,-3.5691533,5.6132226,11.803119,10.8898,25.25205,-31.091433,-31.080944,33.9924,-0.48107982,2.0714867,-3.2209945,-29.913946,39.382248,-7.7672734,-7.550887,-10.886314,-26.990765
183,-1.58191978931427,-251.46348571777344,74.30936431884766,-3.0402864744942883,0.3501734753991247,-91.8698532349911,-15.775072,8.493329,-1.0765514,87.9422,-5.4442835,0.36612993,-15.153042,5.856507,-8.3081455,43.25646,-27.816555,-6.320726,-2.9177315,5.193973,12.361677,13.879292,25.681362,-29.372686,-30.433645,35.731712,-0.9606592,1.5369546,-5.7367525,-29.230057,39.35862,-8.898773,-8.416423,-10.948156,-26.239065
184,-1.577257752418518,-252.63223266601562,74.27140808105469,-2.7356262630803654,0.2608319014600461,-92.25949843727653,-17.754065,8.7130575,-0.49979666,88.9779,-6.473185,1.4173142,-14.076428,5.6782913,-7.80301,43.5155,-28.732746,-6.1580763,-2.2111151,4.7846036,12.766566,16.71725,26.062761,-27.754787,-30.008072,36.807976,-1.3937393,1.1190506,-8.175706,-28.49314,39.29557,-10.110594,-9.042353,-11.0247555,-25.609703
185,-1.5562891960144043,-253.8201141357422,74.28882598876953,-2.4265889558424445,0.25610129511887186,-92.61249555168693,-19.731796,8.955188,0.15480225,89.59027,-7.4554267,2.2685294,-12.9412155,5.4686213,-7.3105474,43.44421,-29.45202,-5.976677,-1.4704714,4.3915787,13.020338,19.422323,26.420671,-26.235573,-29.900743,37.017403,-1.7542375,0.77387303,-10.525655,-27.708637,39.190025,-11.461174,-9.332764,-11.117812,-25.125296
186,-1.5483492612838745,-255.0132293701172,74.35015869140625,-2.0716929072622206,0.3092284330084564,-92.93377474443817,-21.693724,9.166308,0.9045837,89.79137,-8.37509,2.9802794,-11.7252655,5.17904,-6.8139963,43.079857,-29.999712,-5.7756386,-0.7118886,3.9555113,13.170564,22.081337,26.76107,-24.748056,-30.08329,36.592896,-2.0956485,0.47302178,-12.799156,-26.879557,39.029453,-12.9722805,-9.427233,-11.259692,-24.674683
187,-1.5372035503387451,-256.2184143066406,74.4734115600586,-1.6982672354878752,0.4365000189791594,-93.26267196030301,-23.595928,9.329182,1.7145507,89.56156,-9.171068,3.542226,-10.4904995,4.846814,-6.3022017,42.481747,-30.319416,-5.5626664,0.088689014,3.5007718,13.1986265,24.665749,27.08606,-23.333195,-30.448612,35.816814,-2.402264,0.31687003,-15.0332775,-26.021381,38.87876,-14.517423,-9.443376,-11.402371,-24.292809
188,-1.5158123970031738,-257.4425354003906,74.65345764160156,-1.3302319626189676,0.655036886498017,-93.63853669265289,-25.395412,9.427836,2.5437014,88.87874,-9.780456,3.9430487,-9.293999,4.514132,-5.760605,41.70084,-30.350788,-5.345423,0.955815,3.0561416,13.08433,27.129076,27.396269,-22.041304,-30.87594,34.97627,-2.6663818,0.4078329,-17.247519,-25.157377,38.79144,-15.983731,-9.504401,-11.500821,-24.013159
189,-1.4975680112838745,-258.6916809082031,74.88915252685547,-0.9797204162343972,0.9959038317665079,-94.0879761254089,-27.125023,9.503132,3.418238,87.726845,-10.202701,4.187908,-8.160486,4.2019897,-5.169031,40.705826,-30.08799,-5.1317215,1.9114512,2.638451,12.796211,29.447062,27.703732,-20.916237,-31.3748,34.067406,-2.8924272,0.87334377,-19.454165,-24.303541,38.771156,-17.403786,-9.620656,-11.525266,-23.893467
190,-1.4734420776367188,-259.9570007324219,75.16902160644531,-0.6358022782920865,1.4422131846458521,-94.58390211621014,-28.789232,9.560039,4.344987,86.11512,-10.46483,4.2799416,-7.061005,3.8845303,-4.5360036,39.4886,-29.561577,-4.9122367,2.9316814,2.2286274,12.361582,31.64051,28.01844,-19.932144,-31.988499,32.96907,-3.0965211,1.6229986,-21.619524,-23.466766,38.788982,-18.851156,-9.735132,-11.504773,-23.900864
191,-1.4452786445617676,-261.2489318847656,75.48745727539062,-0.2897090086990733,1.9392687814895238,-95.08401067491418,-30.310875,9.535356,5.257584,84.0655,-10.551724,4.2231064,-5.9770837,3.533322,-3.8938744,38.139626,-28.766094,-4.665697,3.9702337,1.8047831,11.844997,33.72492,28.333767,-19.03214,-32.64248,31.794645,-3.28714,2.433639,-23.708792,-22.660866,38.84678,-20.268927,-9.853808,-11.48142,-23.930138
192,-1.4232287406921387,-262.5548095703125,75.8503189086914,0.06802273651034063,2.431965031415278,-95.54648596872256,-31.614717,9.359181,6.085973,81.59682,-10.445433,4.017388,-4.8876014,3.1228993,-3.273137,36.74777,-27.69717,-4.3754272,4.9829383,1.3529125,11.3104105,35.707672,28.628866,-18.158417,-33.25371,30.659178,-3.461959,3.0818274,-25.680403,-21.902403,38.952736,-21.604553,-9.988737,-11.497288,-23.877481
193,-1.3949971199035645,-263.885986328125,76.24726104736328,0.44484875698588244,2.9326706095727504,-95.98364131951277,-32.706383,9.018365,6.83199,78.67154,-10.164144,3.671988,-3.7948897,2.6457498,-2.64078,35.293365,-26.347319,-4.032391,5.987455,0.87362945,10.746667,37.56366,28.89004,-17.295921,-33.80093,29.540327,-3.6199813,3.4922209,-27.557283,-21.206728,39.119076,-22.864954,-10.141758,-11.547879,-23.721207
194,-1.3641440868377686,-265.23175048828125,76.67361450195312,0.8296269286075778,3.4617860529344444,-96.40939795560925,-33.614315,8.558817,7.511949,75.28545,-9.714401,3.1938581,-2.712395,2.1233106,-1.9887468,33.752563,-24.727362,-3.648899,6.9924083,0.38114926,10.134783,39.28333,29.11869,-16.478281,-34.316128,28.400991,-3.760697,3.7848318,-29.342081,-20.580288,39.350243,-24.095993,-10.302453,-11.615142,-23.517015
195,-1.3202452659606934,-266.6061096191406,77.11564636230469,1.2063812207425404,3.975067759792993,-96.78430462009919,-34.298965,7.9937296,8.079198,71.49963,-9.0587015,2.5833316,-1.6374489,1.5735753,-1.3850434,32.216568,-22.863478,-3.2396185,7.9418807,-0.113429986,9.523466,40.892414,29.313581,-15.715035,-34.79353,27.330614,-3.874616,4.0317974,-30.98452,-20.026342,39.64541,-25.279343,-10.452852,-11.7212925,-23.274656
196,-1.2757484912872314,-268.0067443847656,77.57612609863281,1.5608016306524979,4.427059950822182,-97.06928146350994,-34.71829,7.330983,8.487169,67.3658,-8.157405,1.8381616,-0.5607922,1.0140287,-0.8971425,30.770363,-20.77745,-2.816842,8.784486,-0.595217,8.961986,42.411343,29.473278,-15.015603,-35.22537,26.419962,-3.9546916,4.305029,-32.415848,-19.541473,40.010307,-26.404266,-10.596873,-11.887881,-23.005774
197,-1.2348355054855347,-269.4217224121094,78.03741455078125,1.9224777548437835,4.806878602899053,-97.23747004151781,-34.830242,6.4924183,8.709667,62.761158,-7.0041885,0.9660508,0.55339426,0.41359907,-0.52462,29.380976,-18.41875,-2.3735344,9.49746,-1.0883381,8.459471,43.841858,29.596558,-14.3628025,-35.603928,25.73268,-3.988432,4.6078486,-33.666534,-19.131735,40.44687,-27.440443,-10.721784,-12.147918,-22.698446
198,-1.1984752416610718,-270.86383056640625,78.49144744873047,2.2806577692626258,5.133869870731071,-97.31370518737135,-34.65317,5.5199776,8.741988,57.684498,-5.62273,-0.018331043,1.6958339,-0.21225451,-0.22963884,28.032335,-15.808776,-1.8980672,10.119765,-1.5757767,7.9978786,45.159042,29.689684,-13.759133,-35.932693,25.21078,-3.9824905,4.9060035,-34.713097,-18.791613,40.974434,-28.432278,-10.877919,-12.479409,-22.356691
199,-1.148411750793457,-272.30950927734375,78.93392181396484,2.5691971754133776,5.408351558757061,-97.34319818787529,-34.233418,4.5788474,8.590189,52.346085,-3.9989748,-1.120874,2.79868,-0.7808105,-0.018468656,26.839922,-13.058742,-1.3935484,10.654267,-1.9984394,7.55956,46.402912,29.752798,-13.211117,-36.242764,24.756937,-3.9575198,5.2212114,-35.61205,-18.525112,41.554054,-29.353819,-10.945434,-12.82535,-21.99372
200,-1.105445146560669,-273.7686767578125,79.3592758178711,2.7209406353776004,5.632371795543827,-97.37005506080551,-33.623547,3.8102477,8.269464,46.95184,-2.108652,-2.369357,3.807649,-1.2039055,0.09773116,25.877514,-10.253948,-0.86705697,11.130094,-2.2924922,7.1387477,47.577473,29.792355,-12.745485,-36.550022,24.277748,-3.9372008,5.5705824,-36.302372,-18.319971,42.18576,-30.246334,-10.938483,-13.125999,-21.634289
201,-1.05954110622406,-275.2350158691406,79.75971984863281,2.7205990497808443,5.800464155284716,-97.3969908847957,-32.754353,3.1887655,7.7606373,41.287224,0.3402149,-3.9296517,4.716935,-1.4387676,0.14197662,25.126055,-7.27706,-0.34800005,11.553779,-2.4467194,6.7351856,48.700436,29.812962,-12.3778,-36.8599,23.745728,-3.9182253,6.018765,-36.76702,-18.167477,42.88988,-31.116865,-10.839245,-13.377323,-21.280758
202,-1.0231077671051025,-276.72515869140625,80.12422943115234,2.5931835900669125,5.907761151915241,-97.41175979306612,-31.586964,2.653095,7.0295696,35.24723,3.2799404,-5.7595,5.5730977,-1.5175164,0.123151116,24.516102,-4.0969496,0.18063219,11.918964,-2.4814756,6.3510013,49.77315,29.81651,-12.0878105,-37.172325,23.212831,-3.8920658,6.537674,-37.04118,-18.067636,43.661457,-31.933645,-10.659219,-13.605534,-20.918705
203,-0.9932910203933716,-278.22869873046875,80.45094299316406,2.34020952695208,5.958263085698659,-97.4377017031578,-30.233555,2.2790961,6.1236205,29.218493,6.1976433,-7.575093,6.408042,-1.470583,0.008092775,24.01808,-0.9103937,0.770937,12.237676,-2.391803,5.984153,50.769985,29.810472,-11.848797,-37.488926,22.700186,-3.8732512,7.0053325,-37.15025,-18.018322,44.463505,-32.67659,-10.457866,-13.797141,-20.546389
204,-0.9771405458450317,-279.7293395996094,80.7359848022461,1.9689105249913579,5.958689672234244,-97.49594209991302,-28.84174,2.1420033,5.1481614,23.650486,8.563306,-9.082695,7.2455153,-1.3340323,-0.23724099,23.618168,2.0793982,1.4686556,12.524061,-2.1801157,5.630229,51.665752,29.807686,-11.6402855,-37.817436,22.231327,-3.8721745,7.3020062,-37.124107,-18.011316,45.254395,-33.311806,-10.2941475,-13.940048,-20.158995
205,-0.967641294002533,-281.23468017578125,80.96270751953125,1.4296866292191504,5.897018318772536,-97.60831702544235,-27.441582,2.293688,4.029166,18.593723,10.161355,-10.205829,8.12711,-1.0590307,-0.6277373,23.255817,4.915588,2.318376,12.804448,-1.8033991,5.2926188,52.500965,29.815216,-11.4439,-38.19846,21.77923,-3.9042528,7.377434,-36.880424,-18.015759,46.116226,-33.87638,-10.31395,-14.026587,-19.773697
206,-0.951643168926239,-282.7431335449219,81.13726043701172,0.7234037467037221,5.768966926908509,-97.7659743485595,-25.98826,2.7047777,2.8038924,13.860031,11.294301,-11.116519,9.039745,-0.62454325,-1.1288112,22.937351,7.694031,3.2720337,13.007506,-1.2629497,4.935492,53.364933,29.811346,-11.235978,-38.65053,21.323534,-3.9523084,7.314515,-36.71326,-18.064795,46.918674,-34.2198,-10.125825,-14.065956,-19.360312
207,-0.9281042218208313,-284.2545166015625,81.25997924804688,-0.03411730961650746,5.608070059477438,-97.92433037696071,-24.553019,3.2598357,1.7716388,9.587595,12.198948,-11.8873825,9.898601,-0.15523028,-1.7273849,22.783873,10.26878,4.2357273,13.1766205,-0.66394854,4.6094937,54.070602,29.817759,-11.0744915,-39.079414,20.94787,-3.9939601,7.144465,-36.34397,-18.137295,47.729866,-34.487144,-10.045662,-14.067604,-18.934017
208,-0.90510493516922,-285.7272644042969,81.34231567382812,-0.6949939503130342,5.46304313886499,-98.02536020107623,-23.281843,3.7844694,1.2140032,6.06883,13.037519,-12.580607,10.583656,0.17810933,-2.4378693,22.967724,12.46527,5.112636,13.241658,-0.15452622,4.3195667,54.57002,29.84227,-10.937445,-39.45698,20.700161,-4.006465,6.9134383,-35.83615,-18.25352,48.481876,-34.664036,-9.986967,-14.041445,-18.495148
209,-0.8809061646461487,-287.1825866699219,81.37926483154297,-1.1990969540111447,5.386614454152183,-98.04837742561163,-23.45261,4.230961,1.2479562,5.9468746,12.477119,-13.181493,11.013233,0.27705377,-3.322733,23.568588,14.331941,5.985042,13.188548,0.20121643,4.027614,54.81504,29.900183,-10.843067,-39.761513,20.631912,-3.9605293,6.5722265,-35.201122,-18.392244,49.156822,-34.713333,-9.949042,-13.991227,-18.002098
210,-0.8627454042434692,-288.6278991699219,81.37776184082031,-1.5829972634124538,5.362335145833197,-98.00035586413621,-23.49244,4.589153,1.7764384,5.8752694,12.134821,-13.670066,11.209018,0.16678491,-4.400112,24.585135,15.88457,6.8418,13.017305,0.43528807,3.7323017,54.85119,29.990461,-10.7834,-40.013,20.696672,-3.8769495,6.1193514,-34.43977,-18.537804,49.78801,-34.626083,-9.949746,-13.912488,-17.47074
211,-0.8403372168540955,-290.0693359375,81.33441162109375,-1.845164686939768,5.3363762699203505,-97.86556090431462,-23.359419,4.7986736,2.474274,5.8351035,11.998663,-14.051995,11.215204,-0.15001957,-5.631594,26.047377,16.906391,7.4497895,12.737502,0.5542448,3.490424,54.67804,30.129927,-10.771001,-40.178734,20.810297,-3.7981293,5.687592,-33.545918,-18.714901,50.33391,-34.430397,-9.958371,-13.805807,-16.960924
212,-0.8142915368080139,-291.48651123046875,81.2389907836914,-1.9846762993578027,5.254179298017454,-97.63041286148335,-23.021433,4.800155,3.0169895,5.82579,12.040474,-14.325851,11.103279,-0.66697115,-6.971935,27.933178,17.192562,7.5942297,12.360318,0.5662415,3.3583522,54.277885,30.323381,-10.828591,-40.20856,20.89323,-3.7652278,5.4072137,-32.49955,-18.907955,50.774384,-34.129192,-9.986167,-13.672512,-16.525934
213,-0.7925285696983337,-292.88641357421875,81.09616088867188,-2.019661090624057,5.090112372788513,-97.29419340804887,-22.42944,4.6013007,3.4378717,5.8399773,12.479984,-14.785511,10.931479,-1.4020226,-8.484962,30.254198,16.513046,7.122973,11.885234,0.49191862,3.351631,53.64413,30.584883,-10.967936,-40.101715,20.95506,-3.794036,5.326382,-31.273293,-19.116495,51.087345,-33.725094,-10.053934,-13.490333,-16.14934
214,-0.761107325553894,-294.2879638671875,80.9002456665039,-1.9044736471307746,4.869699192062065,-96.85094950583115,-21.604065,4.1426854,3.9652588,5.873483,13.242446,-15.000033,10.684921,-2.4292781,-10.136114,33.0168,14.998989,6.2170677,11.303377,0.28277728,3.4495845,52.78446,30.9195,-11.18366,-39.885666,21.02332,-3.8583937,5.3754683,-29.873695,-19.341698,51.28475,-33.21397,-10.157849,-13.266686,-15.811282
215,-0.7477471828460693,-295.6864013671875,80.66181182861328,-1.6753910471056475,4.62962753856964,-96.33367349206769,-20.658585,3.4730473,4.258178,5.960695,13.862934,-15.000033,10.355228,-3.6309574,-11.728629,36.022587,13.103264,5.111929,10.660728,-0.05224486,3.6124296,51.70765,31.319025,-11.46601,-39.542786,21.04537,-3.937751,5.508334,-28.35154,-19.585249,51.37995,-32.59413,-10.237448,-13.0471115,-15.565736
216,-0.7514053583145142,-297.0780944824219,80.375,-1.3160067004800482,4.386281880346922,-95.75892398609122,-20.062082,2.6121128,4.0601664,6.942769,13.47839,-14.375005,9.915992,-4.9545274,-13.090965,39.155487,11.244055,4.052602,9.981106,-0.5391939,3.8276532,50.43504,31.764542,-11.804844,-39.071262,20.970356,-4.0118217,5.676692,-26.774364,-19.851002,51.388187,-31.853712,-10.214187,-12.875855,-15.465566
217,-0.7410726547241211,-298.46905517578125,80.0440444946289,-0.706413126200265,4.1037120960190325,-95.06920893648612,-20.644997,1.3588741,3.2411494,10.670971,11.0040245,-11.571042,9.380546,-6.518884,-14.18949,42.511253,9.424024,3.0811927,9.211298,-1.2790601,4.1351237,48.970524,32.24671,-12.204379,-38.46443,20.754547,-4.1066546,5.891611,-25.123556,-20.14036,51.331753,-31.005898,-10.054025,-12.76321,-15.580151
218,-0.7101086974143982,-299.81109619140625,79.7114028930664,0.004021960835903019,3.7486816921069517,-94.32122622860415,-21.333925,-0.27507198,1.871272,14.941651,7.9664335,-7.4986143,8.820214,-8.166487,-15.07598,46.011482,7.5146155,2.0576768,8.39863,-2.1279588,4.532109,47.310005,32.760017,-12.679555,-37.737614,20.437098,-4.2244024,6.1677694,-23.37165,-20.453222,51.201725,-30.056652,-9.79846,-12.686752,-15.863757
219,-0.6828371286392212,-301.1526794433594,79.31344604492188,0.6743230723422033,3.3478372890965606,-93.60377052959505,-21.931837,-2.0469368,0.4907855,19.18895,4.853019,-3.3415985,8.20289,-9.752349,-15.743981,49.537807,5.6033974,1.0476211,7.6246104,-2.9480073,4.9867725,45.473003,33.28202,-13.234688,-36.9252,20.095238,-4.3092747,6.4617243,-21.564396,-20.79345,50.970783,-28.998014,-9.487772,-12.639629,-16.195213
220,-0.6763193011283875,-302.51470947265625,78.84110260009766,1.2769835821165814,2.96664903456193,-92.96218787240838,-22.216759,-3.6560814,-0.31636262,22.74731,1.9921234,-0.25546974,7.426572,-11.271198,-16.207893,53.063305,3.732599,0.14092214,6.9246736,-3.7169056,5.4547505,43.460728,33.781216,-13.866318,-36.041813,19.808596,-4.3068657,6.7272563,-19.746437,-21.164324,50.6154,-27.825022,-9.166346,-12.614794,-16.457085
221,-0.6617467999458313,-303.85333251953125,78.34249114990234,1.8878239220084605,2.6382869228235952,-92.38016737260058,-22.166101,-4.9234624,-0.2693922,25.58529,-0.92033315,1.3971473,6.413652,-12.822783,-16.472746,56.71696,1.8722252,-0.585961,6.2793317,-4.5106535,5.921635,41.26317,34.225693,-14.568152,-35.044,19.550413,-4.189034,6.9674945,-17.936655,-21.567774,50.13339,-26.522295,-8.681095,-12.670706,-16.611609
222,-0.6337258815765381,-305.1283264160156,77.84520721435547,2.562554672376521,2.3461130902357517,-91.81341263125938,-21.94729,-5.9619427,0.2634717,28.150242,-4.1213336,2.2686439,5.1787596,-14.440784,-16.542288,60.533756,-0.012064224,-1.1748266,5.6420155,-5.381301,6.398395,38.863396,34.601353,-15.3407545,-33.918232,19.299652,-3.9934254,7.1955423,-16.102833,-21.999456,49.544964,-25.107803,-8.061535,-12.7926655,-16.72701
223,-0.5952521562576294,-306.3703918457031,77.33065795898438,3.284179165754725,2.092752112453639,-91.25321543500058,-21.64731,-6.884708,0.9219466,30.505396,-7.2782645,2.760472,3.7437284,-16.07306,-16.429834,64.35445,-1.8953272,-1.7073284,4.999642,-6.3101377,6.875473,36.252686,34.908253,-16.186749,-32.724632,19.144491,-3.762404,7.3821106,-14.20788,-22.445229,48.850452,-23.62849,-7.627414,-12.86234,-16.848072
224,-0.5504913330078125,-307.5629577636719,76.81578063964844,4.017686273794439,1.8774943911647535,-90.69888868499086,-21.34132,-7.866463,1.3517209,32.64647,-10.009996,3.2875776,2.1307423,-17.650143,-16.144241,68.01021,-3.7426913,-2.2718067,4.348773,-7.2629666,7.3446684,33.430573,35.155495,-17.107933,-31.531273,19.17228,-3.5357184,7.50082,-12.222015,-22.88655,48.04948,-22.118172,-7.700557,-12.759835,-17.01939
225,-0.5053296089172363,-308.7471008300781,76.33121490478516,4.840391966644202,1.7287094929744786,-90.16518048844743,-21.082542,-9.067962,1.5627824,34.51559,-12.149391,3.942782,0.23077017,-19.246635,-15.583781,71.580574,-5.564071,-2.8843515,3.6940074,-8.341096,7.7960014,30.373037,35.35054,-18.097538,-30.280321,19.346014,-3.2917874,7.5543323,-10.164105,-23.300356,47.13492,-20.46781,-8.498084,-12.3549595,-17.247059
226,-0.47520026564598083,-309.92852783203125,75.88433074951172,5.744707303292515,1.6371640107057797,-89.64624287577647,-20.82788,-10.375565,1.7350976,36.134357,-13.913185,4.5209227,-1.9537761,-20.8483,-14.760557,75.11265,-7.3644443,-3.4974015,3.0351057,-9.532948,8.228536,27.110485,35.485775,-19.136398,-28.978392,19.632042,-3.0179915,7.559158,-8.052098,-23.671295,46.11151,-18.676704,-9.800223,-11.738363,-17.496658
227,-0.469016432762146,-311.09716796875,75.49461364746094,6.557411248059974,1.5459091011892703,-89.114923874534,-20.499435,-11.598167,1.7715497,37.573277,-15.477066,4.999965,-4.223665,-22.256155,-13.875078,78.38466,-9.0983515,-4.111965,2.3604543,-10.624475,8.655785,23.732044,35.54499,-20.205107,-27.79843,20.128769,-2.767082,7.506381,-5.86239,-23.999714,44.99313,-16.938303,-11.270087,-11.122576,-17.75727
228,-0.46999767422676086,-312.24896240234375,75.17022705078125,7.103502708323556,1.3995742389860741,-88.54628777293895,-20.01445,-12.543381,1.5745102,38.896164,-17.01284,5.3560038,-6.3644753,-23.295294,-13.156077,81.1828,-10.726246,-4.7362266,1.6561869,-11.399087,9.100363,20.31859,35.5094,-21.28559,-26.910164,20.936977,-2.5931232,7.3833427,-3.5662148,-24.301872,43.7902,-15.457255,-12.575195,-10.723441,-18.03436
229,-0.4590325951576233,-313.39495849609375,74.90482330322266,7.299609120801676,1.1649702394967214,-87.91371931521365,-19.340223,-13.1464615,1.088603,40.14693,-18.570902,5.560799,-8.307223,-23.874575,-12.683174,83.47006,-12.26348,-5.410183,0.8979585,-11.752052,9.620593,16.80781,35.373344,-22.387814,-26.357634,22.387821,-2.5012712,7.090237,-1.0958877,-24.589493,42.412907,-14.255873,-13.89698,-10.598929,-18.322004
230,-0.439598023891449,-314.55023193359375,74.68685150146484,7.2481450880502285,0.8833765559477392,-87.23778974618432,-18.518518,-13.519,0.39682707,41.271336,-20.052174,5.638223,-10.159462,-24.116478,-12.364633,85.363235,-13.721147,-6.122441,0.09953228,-11.81313,10.205457,13.192301,35.130905,-23.491814,-26.059015,24.328459,-2.4751213,6.6668754,1.5285394,-24.868795,40.869526,-13.261251,-15.325753,-10.631684,-18.6274
231,-0.430656373500824,-315.7072448730469,74.5223388671875,7.053316030125554,0.6117044456169266,-86.56531267959483,-17.573032,-13.728307,-0.39671066,42.177605,-21.401173,5.641579,-11.960643,-24.181787,-12.183634,86.87414,-15.050613,-6.8058324,-0.7068405,-11.711194,10.7752,9.633971,34.7609,-24.538591,-25.97567,26.141722,-2.5281937,6.3055434,4.2077856,-25.153618,39.325706,-12.546165,-16.401896,-10.779517,-18.98826
232,-0.4253833591938019,-316.87786865234375,74.41698455810547,6.8214280536522995,0.4041571929062522,-85.94299418810759,-16.53269,-13.835476,-1.1957643,42.78159,-22.564217,5.6226583,-13.753985,-24.232487,-12.115682,88.01214,-16.203583,-7.393642,-1.5019583,-11.567847,11.237395,6.279159,34.239277,-25.481146,-26.04215,27.215923,-2.66085,6.1902313,6.8254986,-25.463663,37.967915,-12.163472,-16.665417,-11.002927,-19.439636
233,-0.4245249927043915,-318.0519714355469,74.37066650390625,6.550814777326947,0.2617691351783133,-85.38466916205958,-15.375076,-13.814888,-1.9914154,43.04259,-23.545929,5.564561,-15.538473,-24.304535,-12.200734,88.74196,-17.152937,-7.8733516,-2.2787404,-11.368578,11.584263,3.1356072,33.54544,-26.330248,-26.249765,27.266436,-2.9193168,6.357123,9.391054,-25.819984,36.831272,-12.199089,-15.7963915,-11.340354,-20.028868
234,-0.4366074204444885,-319.233642578125,74.38479614257812,6.196414880157864,0.1612720872961697,-84.86426743826316,-14.097738,-13.638618,-2.8236556,43.01422,-24.37232,5.4531198,-17.285936,-24.323412,-12.452282,89.06563,-17.92662,-8.279137,-3.055924,-11.049173,11.858619,0.10150237,32.67886,-27.13344,-26.576557,26.672499,-3.290206,6.702159,11.961617,-26.234991,35.81178,-12.606627,-14.107577,-11.813918,-20.716915
235,-0.43765464425086975,-320.4325256347656,74.45951843261719,5.802302157261802,0.11758919470671414,-84.36977533175089,-12.764878,-13.372831,-3.675713,42.760372,-25.020845,5.3418245,-19.003242,-24.284252,-12.799861,89.04457,-18.557583,-8.615963,-3.8446429,-10.655995,12.036938,-2.8368857,31.655941,-27.914045,-26.93618,25.826368,-3.6784666,7.1978602,14.492906,-26.711527,34.88947,-13.228572,-12.085441,-12.360044,-21.408268
236,-0.4398919641971588,-321.65570068359375,74.59768676757812,5.412503725326932,0.14519538554836384,-83.88954936933163,-11.439306,-13.08245,-4.5358806,42.34373,-25.46791,5.2811594,-20.69957,-24.182657,-13.167634,88.74051,-19.078735,-8.889718,-4.660957,-10.242802,12.093645,-5.6702924,30.50417,-28.660616,-27.266953,25.11481,-3.9844131,7.8209677,16.925848,-27.242754,34.063435,-13.894462,-10.217097,-12.898624,-22.018639
237,-0.4346254765987396,-322.9040832519531,74.79452514648438,5.030619119188924,0.31010258795412204,-83.44003937861086,-10.120577,-12.7448635,-5.42418,41.58956,-25.512297,5.303589,-22.365263,-23.97101,-13.578532,87.870255,-19.377417,-9.041579,-5.5124693,-9.813887,11.918489,-8.264917,29.236364,-29.346552,-27.658285,24.580334,-4.1263256,8.721854,19.105757,-27.842686,33.473793,-14.601907,-8.583909,-13.411684,-22.492908
